,Country,Sitename,Location,Status,Gross (MWe),Capacity (MWt),Mean LF (%),2015 LF (%),lat (-90 to 90),lng (-180 to 180),alt (m),,
AM,ARMENIA,ARMENIAN-1,Armavir,Permanent Shutdown,408,1375,0,0,40.1808444,44.1489083,925.3,PRIS,Map
AM,ARMENIA,ARMENIAN-2,Armavir,Operational,408,1375,65.2,78.3,40.1808444,44.1489083,925.3,PRIS,Map
AR,ARGENTINA,ATUCHA-1,"Zárate Partido, Buenos Aires Province",Operational,357,1179,71.5,88.4,-33.96333,-59.18639,27.7,PRIS,Map
AR,ARGENTINA,EMBALSE,"Calamuchita Department, Cordoba",Operational,648,2015,78.7,12.2,-32.232,-64.443,633.5,PRIS,Map
AR,ARGENTINA,ATUCHA-2,"Zárate Partido, Buenos Aires Province",Operational,745,2160,0,0,-33.967131,-59.2081757,27.7,PRIS,Map
BE,BELGIUM,BR-3,UNKNOWN LOCATION,Permanent Shutdown,12,41,40.2,0,0,0,-3474.8,PRIS,Map
BE,BELGIUM,DOEL-1,East Flanders,Operational,454,1311,86.3,93.8,51.32472,4.25861,46.9,PRIS,Map
BE,BELGIUM,TIHANGE-1,Liege,Operational,1009,2873,83.2,70.3,50.5346278,5.2725333,126.2,PRIS,Map
BE,BELGIUM,DOEL-2,East Flanders,Operational,454,1311,83.4,93,51.32472,4.25861,46.9,PRIS,Map
BE,BELGIUM,DOEL-3,East Flanders,Operational,1056,3054,79.2,0.7,51.32472,4.25861,46.9,PRIS,Map
BE,BELGIUM,TIHANGE-2,Liege,Operational,1055,3064,81,4.4,50.5346278,5.2725333,126.2,PRIS,Map
BE,BELGIUM,DOEL-4,East Flanders,Operational,1090,2988,83,85.6,51.32472,4.25861,46.9,PRIS,Map
BE,BELGIUM,TIHANGE-3,Liege,Operational,1089,3000,87.6,80.5,50.5346278,5.2725333,126.2,PRIS,Map
BG,BULGARIA,KOZLODUY-1,Kozloduy,Permanent Shutdown,440,1375,60.1,0,43.74611,23.77056,80.9,PRIS,Map
BG,BULGARIA,KOZLODUY-2,Kozloduy,Permanent Shutdown,440,1375,64.4,0,43.74611,23.77056,80.9,PRIS,Map
BG,BULGARIA,KOZLODUY-3,Kozloduy,Permanent Shutdown,440,1375,67.4,0,43.74611,23.77056,80.9,PRIS,Map
BG,BULGARIA,KOZLODUY-4,Kozloduy,Permanent Shutdown,440,1375,69.2,0,43.74611,23.77056,80.9,PRIS,Map
BG,BULGARIA,KOZLODUY-5,Kozloduy,Operational,1000,3000,62.4,88.9,43.74611,23.77056,80.9,PRIS,Map
BG,BULGARIA,KOZLODUY-6,Kozloduy,Operational,1000,3000,69.7,85.3,43.74611,23.77056,80.9,PRIS,Map
BR,BRAZIL,ANGRA-1,Angra dos Reis - Rio de Janeiro,Operational,640,1882,50.9,72.5,-23.00833,-44.45722,142.0,PRIS,Map
BR,BRAZIL,ANGRA-2,Angra dos Reis - Rio de Janeiro,Operational,1350,3764,83,89.8,-23.00833,-44.45722,142.0,PRIS,Map
BR,BRAZIL,ANGRA-3,Angra dos Reis - Rio de Janeiro,Under Construction,1350,3765,0,0,-23.00833,-44.45722,142.0,PRIS,Map
CA,CANADA,ROLPHTON NPD,"Renfrew County, ON",Permanent Shutdown,25,92,67.1,0,46.18667,-77.65778,158.8,PRIS,Map
CA,CANADA,BRUCE-3,"Kincardine, ON",Operational,830,2832,72.7,64.5,44.32528,-81.59944,130.2,PRIS,Map
CA,CANADA,BRUCE-4,"Kincardine, ON",Operational,830,2832,72.4,94.3,44.32528,-81.59944,130.2,PRIS,Map
CA,CANADA,GENTILLY-2,"Bécancour Regional County Municipality, QC",Permanent Shutdown,675,2156,76.2,0,46.39583,-72.35694,-22.3,PRIS,Map
CA,CANADA,PICKERING-5,"Durham Regional Municipality, ON",Operational,540,1744,73.2,64.9,43.81167,-79.06583,46.6,PRIS,Map
CA,CANADA,PICKERING-6,"Durham Regional Municipality, ON",Operational,540,1744,77.5,67.2,43.81167,-79.06583,46.6,PRIS,Map
CA,CANADA,PICKERING-7,"Durham Regional Municipality, ON",Operational,540,1744,77.6,92.3,43.81167,-79.06583,46.6,PRIS,Map
CA,CANADA,PICKERING-8,"Durham Regional Municipality, ON",Operational,540,1744,76,94.9,43.81167,-79.06583,46.6,PRIS,Map
CA,CANADA,POINT LEPREAU,"Musquash, NB",Operational,705,2180,69.7,74,45.06889,-66.45472,-17.6,PRIS,Map
CA,CANADA,BRUCE-5,"Kincardine, ON",Operational,872,2832,84.7,81.9,44.32528,-81.59944,130.2,PRIS,Map
CA,CANADA,BRUCE-6,"Kincardine, ON",Operational,891,2690,81.8,94.6,44.32528,-81.59944,130.2,PRIS,Map
CA,CANADA,DOUGLAS POINT,"Kincardine, ON",Permanent Shutdown,218,704,55.6,0,44.32667,-81.6,129.0,PRIS,Map
CA,CANADA,BRUCE-7,"Kincardine, ON",Operational,872,2832,84.6,76.6,44.32528,-81.59944,130.2,PRIS,Map
CA,CANADA,BRUCE-8,"Kincardine, ON",Operational,872,2690,83,96,44.32528,-81.59944,130.2,PRIS,Map
CA,CANADA,DARLINGTON-1,"Clarington, ON",Operational,934,2776,83.9,71.3,43.87278,-78.71972,44.2,PRIS,Map
CA,CANADA,DARLINGTON-2,"Clarington, ON",Operational,934,2776,79.1,83.3,43.87278,-78.71972,44.2,PRIS,Map
CA,CANADA,DARLINGTON-3,"Clarington, ON",Operational,934,2776,85.9,64.9,43.87278,-78.71972,44.2,PRIS,Map
CA,CANADA,DARLINGTON-4,"Clarington, ON",Operational,934,2776,85.7,84.9,43.87278,-78.71972,44.2,PRIS,Map
CA,CANADA,GENTILLY-1,"Bécancour Regional County Municipality, QC",Permanent Shutdown,266,792,5.7,0,46.39583,-72.35694,-22.3,PRIS,Map
CA,CANADA,PICKERING-1,"Durham Regional Municipality, ON",Operational,542,1744,63.6,57.6,43.81167,-79.06583,46.6,PRIS,Map
CA,CANADA,PICKERING-2,"Durham Regional Municipality, ON",Permanent Shutdown,542,1744,60.3,0,43.81167,-79.06583,46.6,PRIS,Map
CA,CANADA,PICKERING-3,"Durham Regional Municipality, ON",Permanent Shutdown,542,1744,69,0,43.81167,-79.06583,46.6,PRIS,Map
CA,CANADA,PICKERING-4,"Durham Regional Municipality, ON",Operational,542,1744,66.7,94.6,43.81167,-79.06583,46.6,PRIS,Map
CA,CANADA,BRUCE-1,"Kincardine, ON",Operational,830,2575,65.9,83.3,44.32528,-81.59944,130.2,PRIS,Map
CA,CANADA,BRUCE-2,"Kincardine, ON",Operational,800,2456,61.8,76.4,44.32528,-81.59944,130.2,PRIS,Map
CH,SWITZERLAND,BEZNAU-1,Zurzach District,Operational,380,1130,83.2,19.7,47.552107,8.228492,482.8,PRIS,Map
CH,SWITZERLAND,MUEHLEBERG,Laupen District,Operational,390,1097,87.3,89.8,46.96889,7.26806,569.0,PRIS,Map
CH,SWITZERLAND,BEZNAU-2,Broye-Vully District,Operational,380,1130,87.2,63.3,46.692778,6.8275,663.4,PRIS,Map
CH,SWITZERLAND,GOESGEN,Olten District,Operational,1060,3002,89,90.1,47.36611,7.96667,470.2,PRIS,Map
CH,SWITZERLAND,LEIBSTADT,Zurzach District,Operational,1275,3600,85.8,88.5,47.60306,8.18472,432.8,PRIS,Map
CN,CHINA,QINSHAN-1,Zhejiang,Operational,310,966,81.8,94.3,30.43306,120.95,11.4,PRIS,Map
CN,CHINA,DAYA BAY-1,Guangdong,Operational,984,2905,85.2,99.7,22.59722,114.54444,22.4,PRIS,Map
CN,CHINA,DAYA BAY-2,Guangdong,Operational,984,2905,84.2,75.6,22.59722,114.54444,22.4,PRIS,Map
CN,CHINA,QINSHAN 2-1,Zhejiang,Operational,650,1930,80.8,85.7,30.43306,120.95,11.4,PRIS,Map
CN,CHINA,QINSHAN 2-2,Zhejiang,Operational,650,1930,88.6,86.6,30.43306,120.95,11.4,PRIS,Map
CN,CHINA,LINGAO-1,Guangdong,Operational,990,2905,87.8,88.5,22.6047889,114.5514889,40.0,PRIS,Map
CN,CHINA,LINGAO-2,Guangdong,Operational,990,2905,89.3,93.4,22.6047889,114.5514889,40.0,PRIS,Map
CN,CHINA,QINSHAN 3-1,Zhejiang,Operational,728,2064,91.6,98.3,30.43306,120.95,11.4,PRIS,Map
CZ,CZECH REPUBLIC,TEMELIN-2,České Budějovice District,Operational,1080,3120,77.2,66.8,49.18,14.37611,528.8,PRIS,Map
CZ,CZECH REPUBLIC,DUKOVANY-1,Třebíč District,Operational,500,1444,84.5,64.8,49.085,16.14889,419.7,PRIS,Map
CZ,CZECH REPUBLIC,DUKOVANY-2,Třebíč District,Operational,500,1444,84.3,60.5,49.085,16.14889,419.7,PRIS,Map
CZ,CZECH REPUBLIC,DUKOVANY-4,Třebíč District,Operational,500,1444,86,97.1,49.085,16.14889,419.7,PRIS,Map
DE,GERMANY,VAK KAHL,Aschaffenburg,Permanent Shutdown,16,60,58.3,0,50.0591194,8.987278,164.3,PRIS,Map
DE,GERMANY,STADE,Stade,Permanent Shutdown,672,1900,82.7,0,53.62,9.53083,42.0,PRIS,Map
DE,GERMANY,NIEDERAICHBACH,Olten District,Permanent Shutdown,106,321,1.1,0,48.605802,12.300085,425.7,PRIS,Map
DE,GERMANY,BIBLIS-A,Bergstraße,Permanent Shutdown,1225,3517,63.1,0,49.71,8.41528,139.5,PRIS,Map
DE,GERMANY,BRUNSBUETTEL,Dithmarschen,Permanent Shutdown,806,2292,51.1,0,53.89167,9.20167,39.5,PRIS,Map
DE,GERMANY,PHILIPPSBURG-1,Karlsruhe,Permanent Shutdown,926,2575,76.8,0,49.2525,8.43639,145.1,PRIS,Map
DE,GERMANY,NECKARWESTHEIM-1,Heilbronn,Permanent Shutdown,840,2497,76.8,0,49.04167,9.175,255.1,PRIS,Map
DE,GERMANY,ISAR-1,Landshut,Permanent Shutdown,912,2575,78.7,0,48.6056056,12.29315,424.9,PRIS,Map
DE,GERMANY,UNTERWESER,Wesermarsch,Permanent Shutdown,1410,3900,79.4,0,53.4277,8.4801972,39.9,PRIS,Map
DE,GERMANY,BIBLIS-B,Bergstraße,Permanent Shutdown,1300,3733,66,0,49.71,8.41528,139.5,PRIS,Map
DE,GERMANY,THTR-300,Arnsberg,Permanent Shutdown,308,760,41.3,0,51.67917,7.97167,120.4,PRIS,Map
DE,GERMANY,MZFR,Aschaffenburg,Permanent Shutdown,57,200,70.6,0,49.10431,8.432586,158.7,PRIS,Map
DE,GERMANY,KRUEMMEL,Herzogtum Lauenburg,Permanent Shutdown,1402,3690,65.2,0,53.41,10.40889,68.2,PRIS,Map
DE,GERMANY,MUELHEIM-KAERLICH,Mayen-Koblenz,Permanent Shutdown,1302,3760,76.4,0,50.40806,7.49,116.9,PRIS,Map
DE,GERMANY,GRAFENRHEINFELD,Schweinfurt,Permanent Shutdown,1345,3765,85.7,75.1,49.9840861,10.1846694,259.1,PRIS,Map
DE,GERMANY,PHILIPPSBURG-2,Karlsruhe,Operational,1468,3950,87.4,86.5,49.2525,8.43639,145.1,PRIS,Map
DE,GERMANY,GUNDREMMINGEN-B,Günzburg,Operational,1344,3840,84,91.9,48.51472,10.40222,478.5,PRIS,Map
DE,GERMANY,GROHNDE,Hamelin-Pyrmont,Operational,1430,3900,89.8,82.8,52.03528,9.41333,123.3,PRIS,Map
DE,GERMANY,GUNDREMMINGEN-C,Günzburg,Operational,1344,3840,82.4,87.2,48.51472,10.40222,478.5,PRIS,Map
DE,GERMANY,GUNDREMMINGEN-A,Günzburg,Permanent Shutdown,250,801,80.6,0,48.51472,10.40222,478.5,PRIS,Map
DE,GERMANY,ISAR-2,Landshut,Operational,1485,3950,89.4,85,48.6056056,12.29315,424.9,PRIS,Map
DE,GERMANY,BROKDORF,Steinburg,Operational,1480,3900,88.2,86,53.85083,9.34472,37.5,PRIS,Map
DE,GERMANY,EMSLAND,Emsland,Operational,1406,3850,93.4,88.9,52.4742306,7.3178583,78.0,PRIS,Map
DE,GERMANY,AVR JUELICH,Düren,Permanent Shutdown,15,46,62,0,50.90306,6.42111,146.5,PRIS,Map
DE,GERMANY,NECKARWESTHEIM-2,Heilbronn,Operational,1400,3850,92.1,91.8,49.04167,9.175,255.1,PRIS,Map
DE,GERMANY,OBRIGHEIM,Neckar-Odenwald-Kreis,Permanent Shutdown,357,1050,81.3,0,49.36444,9.07639,274.9,PRIS,Map
DE,GERMANY,RHEINSBERG,Ostprignitz-Ruppin,Permanent Shutdown,70,265,0,0,53.1469917,12.99015,122.3,PRIS,Map
DE,GERMANY,GREIFSWALD-1,Ostvorpommern,Permanent Shutdown,440,1375,0,0,54.1405861,13.6644222,49.2,PRIS,Map
DE,GERMANY,GREIFSWALD-2,Ostvorpommern,Permanent Shutdown,440,1375,0,0,54.1405861,13.6644222,49.2,PRIS,Map
DE,GERMANY,GREIFSWALD-3,Ostvorpommern,Permanent Shutdown,440,1375,0,0,54.1405861,13.6644222,49.2,PRIS,Map
DE,GERMANY,GREIFSWALD-4,Ostvorpommern,Permanent Shutdown,440,1375,0,0,54.1405861,13.6644222,49.2,PRIS,Map
DE,GERMANY,GREIFSWALD-5,Ostvorpommern,Permanent Shutdown,440,1375,0,0,54.1405861,13.6644222,49.2,PRIS,Map
DE,GERMANY,LINGEN,Emsland,Permanent Shutdown,268,520,41.5,0,52.48278,7.30694,74.2,PRIS,Map
DE,GERMANY,HDR GROSSWELZHEIM,Aschaffenburg,Permanent Shutdown,27,100,0,0,50.055145,8.984869,163.4,PRIS,Map
DE,GERMANY,KNK II,Aschaffenburg,Permanent Shutdown,21,58,17.1,0,50.0591294,8.9871812,164.2,PRIS,Map
DE,GERMANY,WUERGASSEN,UNKNOWN LOCATION,Permanent Shutdown,670,1912,62.2,0,0,0,-3474.8,PRIS,Map
ES,SPAIN,JOSE CABRERA-1,La Alcarria,Permanent Shutdown,150,510,69.6,0,40.34917,-2.88444,702.0,PRIS,Map
ES,SPAIN,COFRENTES,"Valle de Cofrentes, Valencia",Operational,1102,3237,86.9,79.8,39.21667,-1.05,429.9,PRIS,Map
ES,SPAIN,TRILLO-1,La Alcarria,Operational,1066,3010,86.4,90.2,40.70111,-2.62194,905.4,PRIS,Map
ES,SPAIN,VANDELLOS-2,"El Baix Camp, Tarragona",Operational,1087,2941,82.2,81.7,40.95139,0.86667,97.3,PRIS,Map
ES,SPAIN,SANTA MARIA DE GARONA,"Las Merindades, Burgos",Long-term Shutdown,466,1381,77.5,0,42.7753,-3.2072917,633.3,PRIS,Map
ES,SPAIN,VANDELLOS-1,"El Baix Camp, Tarragona",Permanent Shutdown,500,1670,70.4,0,40.95139,0.86667,97.3,PRIS,Map
ES,SPAIN,ALMARAZ-1,"Aranuelo, Cáceres",Operational,1049,2947,85.8,95.3,39.80806,-5.69694,315.4,PRIS,Map
ES,SPAIN,ALMARAZ-2,"Aranuelo, Cáceres",Operational,1044,2947,87.2,86.6,39.80806,-5.69694,315.4,PRIS,Map
ES,SPAIN,ASCO-1,"La Ribera dEbre, Tarragona",Operational,1033,2954,83.9,81.4,41.2,0.56944,96.5,PRIS,Map
ES,SPAIN,ASCO-2,"La Ribera dEbre, Tarragona",Operational,1035,2941,85.7,78.3,41.2,0.56944,96.5,PRIS,Map
FI,FINLAND,LOVIISA-1,Loviisa,Operational,520,1500,87.4,92.7,60.37222,26.34722,15.7,PRIS,Map
FI,FINLAND,LOVIISA-2,Loviisa,Operational,520,1500,89.1,93,60.37222,26.34722,15.7,PRIS,Map
FI,FINLAND,OLKILUOTO-1,Eurajoki,Operational,910,2500,92.6,96,61.23694,21.44083,20.9,PRIS,Map
FI,FINLAND,OLKILUOTO-2,Eurajoki,Operational,910,2500,93.3,89,61.23694,21.44083,20.9,PRIS,Map
FR,FRANCE,G-3 (MARCOULE),Gard,Permanent Shutdown,43,260,75.1,0,44.14333,4.70944,99.5,PRIS,Map
FR,FRANCE,PHENIX,"Maricopa County, AZ",Permanent Shutdown,142,345,40.5,0,33.38917,-112.865,258.9,PRIS,Map
FR,FRANCE,FESSENHEIM-1,Haut-Rhin,Operational,920,2785,68.5,93.3,47.9031083,7.5630444,252.1,PRIS,Map
FR,FRANCE,FESSENHEIM-2,Haut-Rhin,Operational,920,2785,69.1,73.6,47.9031083,7.5630444,252.1,PRIS,Map
FR,FRANCE,BUGEY-2,Ain,Operational,945,2785,68.8,91.7,45.79833,5.27083,249.7,PRIS,Map
FR,FRANCE,BUGEY-3,Ain,Operational,945,2785,66.1,83.5,45.79833,5.27083,249.7,PRIS,Map
FR,FRANCE,BUGEY-4,Ain,Operational,917,2785,69.3,82.2,45.79833,5.27083,249.7,PRIS,Map
FR,FRANCE,BUGEY-5,Ain,Operational,917,2785,70,63.7,45.79833,5.27083,249.7,PRIS,Map
FR,FRANCE,ST. LAURENT B-1,Loir-et-Cher,Operational,956,2785,72.7,55.9,47.72,1.5775,130.4,PRIS,Map
FR,FRANCE,TRICASTIN-1,Drome,Operational,955,2785,73.2,71.8,44.32972,4.73222,105.1,PRIS,Map
FR,FRANCE,TRICASTIN-2,Drome,Operational,955,2785,72.7,77.7,44.32972,4.73222,105.1,PRIS,Map
FR,FRANCE,G-2 (MARCOULE),Gard,Permanent Shutdown,43,260,0,0,44.14333,4.70944,99.5,PRIS,Map
FR,FRANCE,CHINON A-1,Indre-et-Loire,Permanent Shutdown,80,300,0,0,47.2325,0.1703,80.4,PRIS,Map
FR,FRANCE,GRAVELINES-1,Nord,Operational,951,2785,70.1,69.9,51.01528,2.13611,45.0,PRIS,Map
FR,FRANCE,GRAVELINES-2,Nord,Operational,951,2785,73.2,65.4,51.01528,2.13611,45.0,PRIS,Map
FR,FRANCE,DAMPIERRE-1,Loiret,Operational,937,2785,72.2,77.4,47.73306,2.51667,177.6,PRIS,Map
FR,FRANCE,ST. LAURENT B-2,Loir-et-Cher,Operational,956,2785,70.9,76.5,47.72,1.5775,130.4,PRIS,Map
FR,FRANCE,SUPER-PHENIX,Isere,Permanent Shutdown,1242,3000,7.9,0,45.75833,5.47222,270.8,PRIS,Map
FR,FRANCE,TRICASTIN-3,Drome,Operational,955,2785,75.6,89.6,44.32972,4.73222,105.1,PRIS,Map
FR,FRANCE,TRICASTIN-4,Drome,Operational,955,2785,74.5,81.6,44.32972,4.73222,105.1,PRIS,Map
FR,FRANCE,GRAVELINES-3,Nord,Operational,951,2785,73.7,85.8,51.01528,2.13611,45.0,PRIS,Map
FR,FRANCE,GRAVELINES-4,Nord,Operational,951,2785,75.4,81.2,51.01528,2.13611,45.0,PRIS,Map
FR,FRANCE,DAMPIERRE-2,Loiret,Operational,937,2785,70.8,82.1,47.73306,2.51667,177.6,PRIS,Map
FR,FRANCE,CHINON A-2,Indre-et-Loire,Permanent Shutdown,230,800,71.1,0,47.2325,0.1703,80.4,PRIS,Map
FR,FRANCE,DAMPIERRE-3,Loiret,Operational,937,2785,73.9,81.8,47.73306,2.51667,177.6,PRIS,Map
FR,FRANCE,DAMPIERRE-4,Loiret,Operational,937,2785,71.9,86.6,47.73306,2.51667,177.6,PRIS,Map
FR,FRANCE,BLAYAIS-1,Gironde,Operational,951,2785,72.7,86.2,45.25583,-0.69306,49.5,PRIS,Map
FR,FRANCE,BLAYAIS-2,Gironde,Operational,951,2785,76.4,78.8,45.25583,-0.69306,49.5,PRIS,Map
FR,FRANCE,BLAYAIS-3,Gironde,Operational,951,2785,75.7,27.8,45.25583,-0.69306,49.5,PRIS,Map
FR,FRANCE,BLAYAIS-4,Gironde,Operational,951,2785,74.7,56.7,45.25583,-0.69306,49.5,PRIS,Map
FR,FRANCE,PALUEL-1,Seine-Maritime,Operational,1382,3817,71.9,85.4,49.85806,0.63556,86.9,PRIS,Map
FR,FRANCE,PALUEL-2,Seine-Maritime,Operational,1382,3817,69.2,34.9,49.85806,0.63556,86.9,PRIS,Map
FR,FRANCE,PALUEL-3,Seine-Maritime,Operational,1382,3817,68.2,55.2,49.85806,0.63556,86.9,PRIS,Map
FR,FRANCE,PALUEL-4,Seine-Maritime,Operational,1382,3817,71.4,75.6,49.85806,0.63556,86.9,PRIS,Map
FR,FRANCE,CHINON A-3,Indre-et-Loire,Permanent Shutdown,480,1170,40.5,0,47.2325,0.1703,80.4,PRIS,Map
FR,FRANCE,CHINON B-1,Indre-et-Loire,Operational,954,2785,72.8,73.8,47.2325,0.1703,80.4,PRIS,Map
FR,FRANCE,CHINON B-2,Indre-et-Loire,Operational,954,2785,73.4,69.3,47.2325,0.1703,80.4,PRIS,Map
FR,FRANCE,CRUAS-1,Ardeche,Operational,956,2785,71.4,45.8,44.63306,4.75667,176.9,PRIS,Map
FR,FRANCE,CRUAS-2,Ardeche,Operational,956,2785,73.2,69.5,44.63306,4.75667,176.9,PRIS,Map
FR,FRANCE,CRUAS-3,Ardeche,Operational,956,2785,72.4,78.6,44.63306,4.75667,176.9,PRIS,Map
FR,FRANCE,CRUAS-4,Ardeche,Operational,956,2785,71.9,80.7,44.63306,4.75667,176.9,PRIS,Map
FR,FRANCE,FLAMANVILLE-1,Manche,Operational,1382,3817,69.6,72.2,49.53639,-1.88167,98.7,PRIS,Map
FR,FRANCE,FLAMANVILLE-2,Manche,Operational,1382,3817,71.1,67.5,49.53639,-1.88167,98.7,PRIS,Map
FR,FRANCE,ST. ALBAN-1,Isere,Operational,1381,3817,67.5,77.4,45.40444,4.75528,193.0,PRIS,Map
FR,FRANCE,ST. ALBAN-2,Isere,Operational,1381,3817,68.4,80.6,45.40444,4.75528,193.0,PRIS,Map
FR,FRANCE,CHOOZ-A (ARDENNES),Ardennes,Permanent Shutdown,320,1040,66.2,0,50.09,4.78944,262.6,PRIS,Map
FR,FRANCE,CATTENOM-1,Moselle,Operational,1362,3817,69.8,61.6,49.41583,6.21806,218.3,PRIS,Map
FR,FRANCE,GRAVELINES-5,Nord,Operational,951,2785,76,84.4,51.01528,2.13611,45.0,PRIS,Map
FR,FRANCE,GRAVELINES-6,Nord,Operational,951,2785,77.7,85.6,51.01528,2.13611,45.0,PRIS,Map
FR,FRANCE,CATTENOM-2,Moselle,Operational,1362,3817,73,83.2,49.41583,6.21806,218.3,PRIS,Map
FR,FRANCE,BELLEVILLE-1,Cher,Operational,1363,3817,71.2,91.1,47.50972,2.875,189.7,PRIS,Map
FR,FRANCE,BELLEVILLE-2,Cher,Operational,1363,3817,72.9,80.7,47.50972,2.875,189.7,PRIS,Map
FR,FRANCE,CHINON B-3,Indre-et-Loire,Operational,954,2785,73.8,72.4,47.2325,0.1703,80.4,PRIS,Map
FR,FRANCE,CHINON B-4,Indre-et-Loire,Operational,954,2785,75,87.6,47.2325,0.1703,80.4,PRIS,Map
FR,FRANCE,NOGENT-1,Aube,Operational,1363,3817,72,75.6,48.51528,3.51778,115.1,PRIS,Map
FR,FRANCE,NOGENT-2,Aube,Operational,1363,3817,74,62.3,48.51528,3.51778,115.1,PRIS,Map
FR,FRANCE,EL-4 (MONTS DARREE),Finistere,Permanent Shutdown,75,250,68.7,0,48.3533,-3.8722028,277.0,PRIS,Map
FR,FRANCE,CATTENOM-3,Moselle,Operational,1362,3817,74.6,83,49.41583,6.21806,218.3,PRIS,Map
FR,FRANCE,GOLFECH-1,Tarn-et-Garonne,Operational,1363,3817,76.4,87.7,44.10667,0.84528,104.7,PRIS,Map
FR,FRANCE,CHOOZ B-1,Ardennes,Operational,1560,4270,78.2,86.3,50.09,4.78944,262.6,PRIS,Map
FR,FRANCE,PENLY-1,Seine-Maritime,Operational,1382,3817,76.2,87.2,49.97667,1.21194,83.7,PRIS,Map
FR,FRANCE,PENLY-2,Seine-Maritime,Operational,1382,3817,76.6,79,49.97667,1.21194,83.7,PRIS,Map
FR,FRANCE,CATTENOM-4,Moselle,Operational,1362,3817,77.4,91.3,49.41583,6.21806,218.3,PRIS,Map
FR,FRANCE,GOLFECH-2,Tarn-et-Garonne,Operational,1363,3817,75.8,76.3,44.10667,0.84528,104.7,PRIS,Map
FR,FRANCE,ST. LAURENT A-1,Loir-et-Cher,Permanent Shutdown,500,1650,58.6,0,47.72,1.5775,130.4,PRIS,Map
FR,FRANCE,CHOOZ B-2,Ardennes,Operational,1560,4270,77,72.3,50.09,4.78944,262.6,PRIS,Map
FR,FRANCE,CIVAUX-1,Vienne,Operational,1561,4270,75.9,88.9,46.45667,0.65278,135.8,PRIS,Map
FR,FRANCE,CIVAUX-2,Vienne,Operational,1561,4270,75.9,68.1,46.45667,0.65278,135.8,PRIS,Map
FR,FRANCE,ST. LAURENT A-2,Loir-et-Cher,Permanent Shutdown,530,1475,54.1,0,47.72,1.5775,130.4,PRIS,Map
FR,FRANCE,BUGEY-1,Ain,Permanent Shutdown,555,1954,53.2,0,45.79833,5.27083,249.7,PRIS,Map
GB,UNITED KINGDOM,CALDER HALL-1,"Copeland District, Cumbria",Permanent Shutdown,60,268,76.9,0,54.4205,-3.4975,79.5,PRIS,Map
GB,UNITED KINGDOM,CALDER HALL-2,"Copeland District, Cumbria",Permanent Shutdown,60,268,76.9,0,54.4205,-3.4975,79.5,PRIS,Map
GB,UNITED KINGDOM,CALDER HALL-3,"Copeland District, Cumbria",Permanent Shutdown,60,268,76.9,0,54.4205,-3.4975,79.5,PRIS,Map
GB,UNITED KINGDOM,CALDER HALL-4,UNKNOWN LOCATION,Permanent Shutdown,60,268,76.9,0,0,0,-3474.8,PRIS,Map
GB,UNITED KINGDOM,SIZEWELL A-1,"Suffolk Coastal District, Suffolk",Permanent Shutdown,245,1010,74.7,0,52.215,1.61972,48.4,PRIS,Map
GB,UNITED KINGDOM,SIZEWELL A-2,"Suffolk Coastal District, Suffolk",Permanent Shutdown,245,1010,71.3,0,52.215,1.61972,48.4,PRIS,Map
GB,UNITED KINGDOM,OLDBURY A-1,South Gloucestershire,Permanent Shutdown,230,730,76.2,0,51.648889,-2.570833,59.7,PRIS,Map
GB,UNITED KINGDOM,OLDBURY A-2,South Gloucestershire,Permanent Shutdown,230,660,81.3,0,51.648889,-2.570833,59.7,PRIS,Map
GB,UNITED KINGDOM,WINFRITH SGHWR,"Purbeck District, Dorset",Permanent Shutdown,100,318,60.7,0,50.682,-2.261,74.5,PRIS,Map
GB,UNITED KINGDOM,WYLFA-1,"Llanbadrig, Isle of Anglesey",Permanent Shutdown,530,1650,70.3,76.3,53.417,-4.483,69.6,PRIS,Map
GB,UNITED KINGDOM,WYLFA-2,"Llanbadrig, Isle of Anglesey",Permanent Shutdown,540,1920,69.8,0,53.417,-4.483,69.6,PRIS,Map
GB,UNITED KINGDOM,DOUNREAY DFR,Highland,Permanent Shutdown,15,60,0,0,58.57814,-3.75233,62.7,PRIS,Map
GB,UNITED KINGDOM,DOUNREAY PFR,Highland,Permanent Shutdown,250,600,26.9,0,58.57814,-3.75233,62.7,PRIS,Map
GB,UNITED KINGDOM,HINKLEY POINT B-1,"West Somerset District, Somerset",Operational,655,1494,77.1,90.2,51.209034,-3.127477,62.1,PRIS,Map
GB,UNITED KINGDOM,HINKLEY POINT B-2,"West Somerset District, Somerset",Operational,655,1494,73.5,99.4,51.209034,-3.127477,62.1,PRIS,Map
GB,UNITED KINGDOM,HUNTERSTON B-1,North Ayrshire,Operational,644,1496,71,91.3,55.72209,-4.89009,73.4,PRIS,Map
GB,UNITED KINGDOM,HUNTERSTON B-2,North Ayrshire,Operational,644,1496,70.2,66.7,55.72209,-4.89009,73.4,PRIS,Map
GB,UNITED KINGDOM,DUNGENESS B-1,"Shepway District, Kent",Operational,615,1500,41.9,36,50.913889,0.963889,50.0,PRIS,Map
GB,UNITED KINGDOM,DUNGENESS B-2,"Shepway District, Kent",Operational,615,1500,49.4,60.3,50.913889,0.963889,50.0,PRIS,Map
GB,UNITED KINGDOM,HARTLEPOOL A-1,Hartlepool,Operational,655,1500,67.6,60.6,54.635,-1.18083,54.3,PRIS,Map
GB,UNITED KINGDOM,HARTLEPOOL A-2,Hartlepool,Operational,655,1500,69.4,52,54.635,-1.18083,54.3,PRIS,Map
GB,UNITED KINGDOM,CHAPELCROSS-1,Dumfries and Galloway,Permanent Shutdown,60,260,85.5,0,55.01566,-3.22605,134.5,PRIS,Map
GB,UNITED KINGDOM,CHAPELCROSS-2,Dumfries and Galloway,Permanent Shutdown,60,260,85.5,0,55.01566,-3.22605,134.5,PRIS,Map
GB,UNITED KINGDOM,CHAPELCROSS-3,Dumfries and Galloway,Permanent Shutdown,60,260,85.5,0,55.01566,-3.22605,134.5,PRIS,Map
GB,UNITED KINGDOM,CHAPELCROSS-4,Dumfries and Galloway,Permanent Shutdown,60,260,85.5,0,55.01566,-3.22605,134.5,PRIS,Map
GB,UNITED KINGDOM,HEYSHAM A-1,"Lancaster District, Lancashire",Operational,625,1500,67.4,21.1,54.02889,-2.91611,59.7,PRIS,Map
GB,UNITED KINGDOM,HEYSHAM A-2,"Lancaster District, Lancashire",Operational,625,1500,66.5,55.1,54.02889,-2.91611,59.7,PRIS,Map
GB,UNITED KINGDOM,HEYSHAM B-1,"Lancaster District, Lancashire",Operational,680,1550,77.4,97.8,54.02889,-2.91611,59.7,PRIS,Map
GB,UNITED KINGDOM,HEYSHAM B-2,"Lancaster District, Lancashire",Operational,680,1550,75,97.5,54.02889,-2.91611,59.7,PRIS,Map
GB,UNITED KINGDOM,TORNESS-1,East Lothian,Operational,682,1623,71.6,72.7,55.96799,-2.40908,64.3,PRIS,Map
GB,UNITED KINGDOM,TORNESS-2,East Lothian,Operational,682,1623,72.3,90.5,55.96799,-2.40908,64.3,PRIS,Map
GB,UNITED KINGDOM,SIZEWELL B,"Suffolk Coastal District, Suffolk",Operational,1250,3425,83,84.1,52.215,1.61972,48.4,PRIS,Map
GB,UNITED KINGDOM,BERKELEY-1,"Stroud District, Gloucestershire",Permanent Shutdown,166,620,58.2,0,51.6925,-2.493611,55.3,PRIS,Map
GB,UNITED KINGDOM,BERKELEY-2,"Stroud District, Gloucestershire",Permanent Shutdown,166,620,58,0,51.6925,-2.493611,55.3,PRIS,Map
GB,UNITED KINGDOM,BRADWELL-1,"Maldon District, Essex",Permanent Shutdown,146,481,65.5,0,51.74139,0.89694,51.2,PRIS,Map
GB,UNITED KINGDOM,BRADWELL-2,"Maldon District, Essex",Permanent Shutdown,146,481,65.5,0,51.74139,0.89694,51.2,PRIS,Map
GB,UNITED KINGDOM,WINDSCALE AGR,UNKNOWN LOCATION,Permanent Shutdown,36,120,59.8,0,0,0,-3474.8,PRIS,Map
GB,UNITED KINGDOM,HUNTERSTON A-1,North Ayrshire,Permanent Shutdown,173,595,81.6,0,55.72222,-4.89,64.8,PRIS,Map
GB,UNITED KINGDOM,HUNTERSTON A-2,North Ayrshire,Permanent Shutdown,173,595,81.6,0,55.72209,-4.89009,64.9,PRIS,Map
GB,UNITED KINGDOM,HINKLEY POINT A-1,"West Somerset District, Somerset",Permanent Shutdown,267,900,72.4,0,51.208739,-3.133743,59.2,PRIS,Map
GB,UNITED KINGDOM,HINKLEY POINT A-2,"West Somerset District, Somerset",Permanent Shutdown,267,900,72.4,0,51.209,-3.127,57.2,PRIS,Map
GB,UNITED KINGDOM,TRAWSFYNYDD-1,"Maentwrog, Gwynedd",Permanent Shutdown,235,850,79.6,0,52.9248639,-3.9484389,250.6,PRIS,Map
GB,UNITED KINGDOM,TRAWSFYNYDD-2,"Maentwrog, Gwynedd",Permanent Shutdown,235,850,79.6,0,52.9248639,-3.9484389,250.6,PRIS,Map
GB,UNITED KINGDOM,DUNGENESS A-1,"Shepway District, Kent",Permanent Shutdown,230,840,74,0,50.913889,0.963889,38.0,PRIS,Map
GB,UNITED KINGDOM,DUNGENESS A-2,"Shepway District, Kent",Permanent Shutdown,230,840,74.9,0,50.913889,0.963889,38.0,PRIS,Map
HU,HUNGARY,PAKS-1,Paksi,Operational,500,1485,87.1,83,46.5725,18.85417,137.6,PRIS,Map
HU,HUNGARY,PAKS-2,Paksi,Operational,500,1485,82.5,93.9,46.5725,18.85417,137.6,PRIS,Map
HU,HUNGARY,PAKS-3,Paksi,Operational,500,1485,87.2,91.8,46.5725,18.85417,137.6,PRIS,Map
HU,HUNGARY,PAKS-4,Paksi,Operational,500,1485,89.1,92.9,46.5725,18.85417,137.6,PRIS,Map
IN,INDIA,TARAPUR-1,"Palghar, Maharashtra",Operational,160,530,63.1,73.1,19.8289806,72.6612056,-65.4,PRIS,Map
IN,INDIA,KAKRAPAR-2,"Surat, Maharashtra",Operational,220,801,74.1,81.3,21.23861,73.35,-13.4,PRIS,Map
IN,INDIA,RAJASTHAN-3,"Chittaurgarh, Rajasthan",Operational,220,801,75.6,88.4,24.87222,75.61389,312.1,PRIS,Map
IN,INDIA,RAJASTHAN-4,"Chittaurgarh, Rajasthan",Operational,220,801,77.4,100.5,24.87222,75.61389,312.1,PRIS,Map
IN,INDIA,KAIGA-1,"Uttara Kannada, Karnataka",Operational,220,801,69.3,81,14.8653222,74.4396417,-25.2,PRIS,Map
IN,INDIA,KAIGA-2,"Uttara Kannada, Karnataka",Operational,220,801,68.9,74.2,14.8653222,74.4396417,-25.2,PRIS,Map
IN,INDIA,KAIGA-3,"Uttara Kannada, Karnataka",Operational,220,800,58,79.1,14.8653222,74.4396417,-25.2,PRIS,Map
IN,INDIA,KAIGA-4,"Palghar, Maharashtra",Operational,220,800,71.8,82.8,19.83083,72.65833,-66.0,PRIS,Map
IN,INDIA,RAJASTHAN-5,"Chittaurgarh, Rajasthan",Operational,220,801,92.9,85.2,24.87222,75.61389,312.1,PRIS,Map
IN,INDIA,TARAPUR-2,"Palghar, Maharashtra",Operational,160,530,63.7,56.4,19.8289806,72.6612056,-65.4,PRIS,Map
IN,INDIA,RAJASTHAN-6,"Chittaurgarh, Rajasthan",Operational,220,801,77.7,69.6,24.87222,75.61389,312.1,PRIS,Map
IN,INDIA,RAJASTHAN-7,"Chittaurgarh, Rajasthan",Under Construction,700,2177,0,0,24.87222,75.61389,312.1,PRIS,Map
IN,INDIA,RAJASTHAN-8,"Chittaurgarh, Rajasthan",Under Construction,700,2177,0,0,24.87222,75.61389,312.1,PRIS,Map
IN,INDIA,TARAPUR-3,"Palghar, Maharashtra",Operational,540,1730,73.6,94.3,19.8289806,72.6612056,-65.4,PRIS,Map
IN,INDIA,TARAPUR-4,"Palghar, Maharashtra",Operational,540,1730,60.9,86.7,19.8289806,72.6612056,-65.4,PRIS,Map
IN,INDIA,RAJASTHAN-1,"Chittaurgarh, Rajasthan",Operational,100,346,18.7,0,24.87222,75.61389,312.1,PRIS,Map
IN,INDIA,RAJASTHAN-2,"Chittaurgarh, Rajasthan",Operational,200,693,55.1,69,24.87222,75.61389,312.1,PRIS,Map
IN,INDIA,MADRAS-1,"Kanchipuram, Tamil Nadu",Operational,220,801,51.4,62.5,12.5575,80.175,-90.5,PRIS,Map
IN,INDIA,MADRAS-2,"Kanchipuram, Tamil Nadu",Operational,220,801,55.1,65.9,12.5575,80.175,-90.5,PRIS,Map
IN,INDIA,NARORA-1,"Bulandshahar, Uttar Pradesh",Operational,220,801,53,60.3,28.15806,78.40944,128.9,PRIS,Map
IN,INDIA,NARORA-2,"Bulandshahar, Uttar Pradesh",Operational,220,801,56.6,70.4,28.15806,78.40944,128.9,PRIS,Map
IN,INDIA,KAKRAPAR-1,"Surat, Maharashtra",Operational,220,801,63.5,97.2,21.23861,73.35,-13.4,PRIS,Map
IR,IRAN,BUSHEHR-1,Bushehr,Operational,1000,3000,56.3,46.5,28.8296222,50.8859611,-8.7,PRIS,Map
IT,ITALY,LATINA,"Latina, Province of Latina",Permanent Shutdown,160,660,70.3,0,41.42529,12.807246,52.1,PRIS,Map
IT,ITALY,GARIGLIANO,"Sessa Aurunca, Province of Caserta",Permanent Shutdown,160,506,39,0,41.25849,13.83492,57.3,PRIS,Map
IT,ITALY,ENRICO FERMI,"Trino, Province of Vercelli",Permanent Shutdown,270,870,45.3,0,45.1840944,8.2775556,213.8,PRIS,Map
IT,ITALY,CAORSO,"Caorso, Province of Piacenza",Permanent Shutdown,882,2651,36.7,0,45.07206,9.87214,81.7,PRIS,Map
JP,JAPAN,JPDR,Fukui Prefecture,Permanent Shutdown,13,90,0,0,35.75444,136.01639,108.8,PRIS,Map
JP,JAPAN,FUKUSHIMA-DAIICHI-3,"Futaba District, Fukushima Prefecture",Permanent Shutdown,784,2381,65.3,0,37.42139,141.0325,59.8,PRIS,Map
JP,JAPAN,HAMAOKA-1,Shizuoka Prefecture,Permanent Shutdown,540,1593,47.9,0,34.62361,138.1425,59.1,PRIS,Map
JP,JAPAN,GENKAI-1,"Higashimatsuura District, Saga Prefecture",Permanent Shutdown,559,1650,69,0,33.51556,129.83722,50.9,PRIS,Map
JP,JAPAN,TAKAHAMA-2,"Oi District, Fukui Prefecture",Operational,826,2440,62.9,0,35.5219917,135.5039556,110.1,PRIS,Map
JP,JAPAN,MIHAMA-3,"Mikata District, Fukui Prefecture",Operational,826,2440,63.2,0,35.703475,135.9635778,34.9,PRIS,Map
JP,JAPAN,OHI-1,"Oi District, Fukui Prefecture",Operational,1175,3423,59,0,35.540625,135.6520333,54.1,PRIS,Map
JP,JAPAN,FUKUSHIMA-DAIICHI-4,"Futaba District, Fukushima Prefecture",Permanent Shutdown,784,2381,70,0,37.42139,141.0325,59.8,PRIS,Map
JP,JAPAN,FUKUSHIMA-DAIICHI-5,"Futaba District, Fukushima Prefecture",Permanent Shutdown,784,2381,65.5,0,37.42306,141.03306,58.6,PRIS,Map
JP,JAPAN,FUKUSHIMA-DAIICHI-6,"Futaba District, Fukushima Prefecture",Permanent Shutdown,1100,3293,64.2,0,37.42139,141.0325,59.8,PRIS,Map
JP,JAPAN,OHI-2,"Oi District, Fukui Prefecture",Operational,1175,3423,65.4,0,35.540625,135.6520333,54.1,PRIS,Map
JP,JAPAN,TOKAI-1,"Naka District, Ibaraki Prefecture",Permanent Shutdown,166,587,70.8,0,36.46639,140.60667,44.3,PRIS,Map
JP,JAPAN,FUGEN ATR,Fukui Prefecture,Permanent Shutdown,165,557,61.9,0,35.75444,136.01639,108.8,PRIS,Map
JP,JAPAN,TOKAI-2,"Naka District, Ibaraki Prefecture",Operational,1100,3293,63.5,0,36.46639,140.60667,44.3,PRIS,Map
JP,JAPAN,ONAGAWA-1,"Oshika District, Miyagi Prefecture",Operational,524,1593,57.1,0,38.40111,141.49972,62.5,PRIS,Map
JP,JAPAN,IKATA-1,"Nishiuwa District, Ehime Prefecture",Operational,566,1650,69.6,0,33.49083,132.31139,169.2,PRIS,Map
JP,JAPAN,HAMAOKA-2,Shizuoka Prefecture,Permanent Shutdown,840,2436,59.6,0,34.62361,138.1425,59.1,PRIS,Map
JP,JAPAN,FUKUSHIMA-DAINI-1,"Futaba District, Fukushima Prefecture",Operational,1100,3293,64.7,0,37.31639,141.02556,50.6,PRIS,Map
JP,JAPAN,FUKUSHIMA-DAINI-2,"Futaba District, Fukushima Prefecture",Operational,1100,3293,63.2,0,37.31639,141.02556,50.6,PRIS,Map
JP,JAPAN,GENKAI-2,"Higashimatsuura District, Saga Prefecture",Operational,559,1650,72.6,0,33.51556,129.83722,50.9,PRIS,Map
JP,JAPAN,SENDAI-1,Kagoshima Prefecture,Operational,890,2660,73.7,0,31.83361,130.18972,44.0,PRIS,Map
JP,JAPAN,TAKAHAMA-3,"Oi District, Fukui Prefecture",Operational,870,2660,74,0,35.5219917,135.5039556,110.1,PRIS,Map
JP,JAPAN,TSURUGA-1,Fukui Prefecture,Permanent Shutdown,357,1070,60.4,0,35.75194,136.01889,107.9,PRIS,Map
JP,JAPAN,TAKAHAMA-4,"Oi District, Fukui Prefecture",Operational,870,2660,73.4,0,35.5219917,135.5039556,110.1,PRIS,Map
JP,JAPAN,MONJU,Fukui Prefecture,Long-term Shutdown,280,714,0,0,35.74028,135.98806,184.1,PRIS,Map
JP,JAPAN,IKATA-2,"Nishiuwa District, Ehime Prefecture",Operational,566,1650,72.7,0,33.49083,132.31139,169.2,PRIS,Map
JP,JAPAN,KASHIWAZAKI KARIWA-1,Niigata Prefecture,Operational,1100,3293,55.7,0,37.4283,138.6017,93.6,PRIS,Map
JP,JAPAN,TSURUGA-2,Fukui Prefecture,Operational,1160,3411,65.4,0,35.75194,136.01889,107.9,PRIS,Map
JP,JAPAN,FUKUSHIMA-DAINI-3,"Futaba District, Fukushima Prefecture",Operational,1100,3293,56.5,0,37.31639,141.02556,50.6,PRIS,Map
JP,JAPAN,HAMAOKA-3,Shizuoka Prefecture,Operational,1100,3293,64,0,34.62361,138.1425,59.1,PRIS,Map
JP,JAPAN,SENDAI-2,Kagoshima Prefecture,Operational,890,2660,75.4,0,31.83361,130.18972,44.0,PRIS,Map
JP,JAPAN,FUKUSHIMA-DAINI-4,"Futaba District, Fukushima Prefecture",Operational,1100,3293,59.9,0,37.31639,141.02556,50.6,PRIS,Map
JP,JAPAN,KASHIWAZAKI KARIWA-2,Niigata Prefecture,Operational,1100,3293,49.3,0,37.4283,138.6017,93.6,PRIS,Map
JP,JAPAN,MIHAMA-1,"Mikata District, Fukui Prefecture",Permanent Shutdown,340,1031,48.3,0,35.703475,135.9635778,34.9,PRIS,Map
JP,JAPAN,KASHIWAZAKI KARIWA-5,Niigata Prefecture,Operational,1100,3293,56,0,37.4283,138.6017,93.6,PRIS,Map
JP,JAPAN,SHIMANE-2,Shimane Prefecture,Operational,820,2436,68.5,0,35.53833,132.99917,101.8,PRIS,Map
JP,JAPAN,TOMARI-1,"Furuu District, Hokkaido Prefecture",Operational,579,1650,70.6,0,43.03611,140.5125,50.0,PRIS,Map
JP,JAPAN,TOMARI-2,"Furuu District, Hokkaido Prefecture",Operational,579,1650,69.5,0,43.03611,140.5125,50.0,PRIS,Map
JP,JAPAN,GENKAI-3,"Higashimatsuura District, Saga Prefecture",Operational,1180,3423,69.6,0,33.51556,129.83722,50.9,PRIS,Map
JP,JAPAN,GENKAI-4,"Higashimatsuura District, Saga Prefecture",Operational,1180,3423,71.9,0,33.51556,129.83722,50.9,PRIS,Map
JP,JAPAN,IKATA-3,"Nishiuwa District, Ehime Prefecture",Operational,890,2660,69.3,0,33.49083,132.31139,169.2,PRIS,Map
JP,JAPAN,SHIKA-1,"Hakui District, Ishikawa Prefecture",Operational,540,1593,55.8,0,37.06111,136.72639,73.9,PRIS,Map
JP,JAPAN,HAMAOKA-4,Shizuoka Prefecture,Operational,1137,3293,63.2,0,34.62361,138.1425,59.1,PRIS,Map
JP,JAPAN,FUKUSHIMA-DAIICHI-1,"Futaba District, Fukushima Prefecture",Permanent Shutdown,460,1380,53.3,0,37.42306,141.03306,58.6,PRIS,Map
JP,JAPAN,OHI-3,"Oi District, Fukui Prefecture",Operational,1180,3423,70.6,0,35.540625,135.6520333,54.1,PRIS,Map
JP,JAPAN,OHI-4,"Oi District, Fukui Prefecture",Operational,1180,3423,74.7,0,35.540625,135.6520333,54.1,PRIS,Map
JP,JAPAN,KASHIWAZAKI KARIWA-3,Niigata Prefecture,Operational,1100,3293,46.6,0,37.4283,138.6017,93.6,PRIS,Map
JP,JAPAN,KASHIWAZAKI KARIWA-4,Niigata Prefecture,Operational,1100,3293,44.8,0,37.4283,138.6017,93.6,PRIS,Map
JP,JAPAN,ONAGAWA-2,"Oshika District, Miyagi Prefecture",Operational,825,2436,55.9,0,38.40111,141.49972,62.5,PRIS,Map
JP,JAPAN,KASHIWAZAKI KARIWA-6,Niigata Prefecture,Operational,1356,3926,58.8,0,37.4283,138.6017,93.6,PRIS,Map
JP,JAPAN,KASHIWAZAKI KARIWA-7,Niigata Prefecture,Operational,1356,3926,53.5,0,37.4283,138.6017,93.6,PRIS,Map
JP,JAPAN,ONAGAWA-3,"Oshika District, Miyagi Prefecture",Operational,825,2436,45.3,0,38.40111,141.49972,62.5,PRIS,Map
JP,JAPAN,MIHAMA-2,"Mikata District, Fukui Prefecture",Permanent Shutdown,500,1456,57.7,0,35.703475,135.9635778,34.9,PRIS,Map
JP,JAPAN,SHIMANE-1,Shimane Prefecture,Permanent Shutdown,460,1380,64.1,0,35.53833,132.99917,101.8,PRIS,Map
JP,JAPAN,TAKAHAMA-1,"Oi District, Fukui Prefecture",Operational,826,2440,62,0,35.5219917,135.5039556,110.1,PRIS,Map
JP,JAPAN,FUKUSHIMA-DAIICHI-2,"Futaba District, Fukushima Prefecture",Permanent Shutdown,784,2381,60.8,0,37.42306,141.03306,58.6,PRIS,Map
KR,SOUTH KOREA,KORI-1,Busan,Operational,608,1729,75.4,82.6,35.319904,129.290053,34.2,PRIS,Map
KR,SOUTH KOREA,HANUL-2,Gyeongsangbuk-do,Operational,1008,2775,89.2,99.8,37.09278,129.38361,66.9,PRIS,Map
KR,SOUTH KOREA,HANBIT-3,Jeollanam-do,Operational,1050,2825,87.1,57.6,35.415,126.42389,81.3,PRIS,Map
KR,SOUTH KOREA,HANBIT-4,Jeollanam-do,Operational,1032,2825,89.4,62.9,35.415,126.42389,81.3,PRIS,Map
KR,SOUTH KOREA,HANUL-3,Gyeongsangbuk-do,Operational,1050,2825,88.2,99.8,37.09278,129.38361,82.0,PRIS,Map
KR,SOUTH KOREA,HANUL-4,Gyeongsangbuk-do,Operational,1053,2825,81.6,83.7,37.09278,129.38361,82.0,PRIS,Map
KR,SOUTH KOREA,WOLSONG-3,Gyeongsangbuk-do,Operational,688,2061,94.1,94.9,35.71667,129.47778,110.6,PRIS,Map
KR,SOUTH KOREA,WOLSONG-4,Gyeongsangbuk-do,Operational,691,2061,94.8,87.3,35.71667,129.47778,110.6,PRIS,Map
KR,SOUTH KOREA,HANBIT-5,Jeollanam-do,Operational,1053,2825,87.3,80.4,35.415,126.42389,72.2,PRIS,Map
KR,SOUTH KOREA,HANBIT-6,Jeollanam-do,Operational,1052,2825,89.5,92,35.415,126.42389,72.2,PRIS,Map
KR,SOUTH KOREA,HANUL-5,Gyeongsangbuk-do,Operational,1051,2815,92.6,99.4,37.09278,129.38361,82.0,PRIS,Map
KR,SOUTH KOREA,KORI-2,Busan,Operational,676,1882,87.8,79.3,35.319904,129.290053,31.3,PRIS,Map
KR,SOUTH KOREA,HANUL-6,Gyeongsangbuk-do,Operational,1051,2825,91,74,37.09278,129.38361,82.0,PRIS,Map
KR,SOUTH KOREA,WOLSONG-1,Gyeongsangbuk-do,Operational,685,2061,74.2,53.2,35.71667,129.47778,110.6,PRIS,Map
KR,SOUTH KOREA,WOLSONG-2,Gyeongsangbuk-do,Operational,675,2061,93.4,90.1,35.71667,129.47778,110.6,PRIS,Map
KR,SOUTH KOREA,KORI-3,Busan,Operational,1042,2912,88.5,80.8,35.319904,129.290053,31.3,PRIS,Map
KR,SOUTH KOREA,KORI-4,Busan,Operational,1041,2912,90.5,96.6,35.319904,129.290053,31.3,PRIS,Map
KR,SOUTH KOREA,HANBIT-1,Jeollanam-do,Operational,1000,2787,90.2,82.3,35.415,126.42389,72.2,PRIS,Map
KR,SOUTH KOREA,HANBIT-2,Jeollanam-do,Operational,993,2787,88,92.2,35.415,126.42389,72.2,PRIS,Map
KR,SOUTH KOREA,HANUL-1,Gyeongsangbuk-do,Operational,1003,2785,87.2,88.1,37.09278,129.38361,82.0,PRIS,Map
KZ,KAZAKHSTAN,AKTAU,Munaily District,Permanent Shutdown,90,1000,0,0,43.607,51.283,-26.5,PRIS,Map
LT,LITHUANIA,IGNALINA-1,Rimšės sen.,Permanent Shutdown,1300,4800,53.9,0,55.60444,26.56,169.6,PRIS,Map
LT,LITHUANIA,IGNALINA-2,Rimšės sen.,Permanent Shutdown,1300,4800,64.4,0,55.60444,26.56,169.6,PRIS,Map
MX,MEXICO,LAGUNA VERDE-1,"Alto Lucero de Gutiérrez Barrios, Ver.",Operational,700,2027,76.9,81.4,19.72083,-96.40639,-12.6,PRIS,Map
MX,MEXICO,LAGUNA VERDE-2,"Alto Lucero de Gutiérrez Barrios, Ver.",Operational,810,2317,80.8,94.9,19.72083,-96.40639,-12.6,PRIS,Map
NL,NETHERLANDS,DODEWAARD,Neder-Betuwe,Permanent Shutdown,60,183,82,0,51.89972,5.68611,51.3,PRIS,Map
NL,NETHERLANDS,BORSSELE,Borsele,Operational,515,1366,84.1,91.5,51.43083,3.71833,42.4,PRIS,Map
PK,PAKISTAN,KANUPP,UNKNOWN LOCATION,Operational,100,337,28.8,26.5,0,0,-3474.8,PRIS,Map
PK,PAKISTAN,CHASNUPP-1,Piplan Tehsil,Operational,325,999,75,82.9,32.39028,71.4625,158.6,PRIS,Map
PK,PAKISTAN,CHASNUPP-2,Piplan Tehsil,Operational,325,999,78.7,83.4,32.39028,71.4625,158.6,PRIS,Map
RO,ROMANIA,CERNAVODA-1,Cernavoda,Operational,706,2180,90.1,96.7,44.32222,28.05722,96.0,PRIS,Map
RO,ROMANIA,CERNAVODA-2,Cernavoda,Operational,705,2180,94.1,91.4,44.32222,28.05722,96.0,PRIS,Map
RU,RUSSIA,APS-1 OBNINSK,"g. Obninsk, Kaluzhskaya oblast",Permanent Shutdown,6,30,0,0,55.08417,36.56972,160.9,PRIS,Map
RU,RUSSIA,NOVOVORONEZH-4,"g. Novovoronezh, Voronezhskaya oblast",Operational,417,1375,78.5,90.8,51.275,39.2,122.6,PRIS,Map
RU,RUSSIA,BELOYARSK-4,"g. Zarechnyy, Sverdlovskaya oblast",Operational,864,2100,0,0,56.84167,61.3225,210.2,PRIS,Map
RU,RUSSIA,KOLA-1,"g. Apatity, Murmanskaya oblast",Operational,440,1375,65.2,53.1,67.467,32.467,155.8,PRIS,Map
RU,RUSSIA,KOLA-2,"g. Apatity, Murmanskaya oblast",Operational,440,1375,66.4,72.1,67.467,32.467,155.8,PRIS,Map
RU,RUSSIA,BILIBINO-1,"Bilibinsky District, Chukotka Autonomous Okrug",Operational,12,62,52.7,46.2,68.05028,166.53861,483.3,PRIS,Map
RU,RUSSIA,BILIBINO-2,"Bilibinsky District, Chukotka Autonomous Okrug",Operational,12,62,53.3,42.5,68.05028,166.53861,483.3,PRIS,Map
RU,RUSSIA,BILIBINO-3,"Bilibinsky District, Chukotka Autonomous Okrug",Operational,12,62,54.9,46.8,68.05028,166.53861,483.3,PRIS,Map
RU,RUSSIA,BILIBINO-4,"Bilibinsky District, Chukotka Autonomous Okrug",Operational,12,62,53.6,47.6,68.05028,166.53861,483.3,PRIS,Map
RU,RUSSIA,LENINGRAD-1,"g. Sosnovyy Bor, Leningradskaya oblast",Operational,1000,3200,67.3,74.3,59.84722,29.04361,32.7,PRIS,Map
RU,RUSSIA,LENINGRAD-2,"g. Sosnovyy Bor, Leningradskaya oblast",Operational,1000,3200,69.3,39.7,59.84722,29.04361,32.7,PRIS,Map
RU,RUSSIA,KURSK-1,"Kurchatovsky District, Kursk Oblast",Operational,1000,3200,62.8,77.5,51.675,35.60556,172.0,PRIS,Map
RU,RUSSIA,NOVOVORONEZH-5,"g. Novovoronezh, Voronezhskaya oblast",Operational,1000,3000,63.8,74.4,51.275,39.2,122.6,PRIS,Map
RU,RUSSIA,BELOYARSK-3,"g. Zarechnyy, Sverdlovskaya oblast",Operational,600,1470,74.6,86.1,56.84167,61.3225,210.2,PRIS,Map
RU,RUSSIA,KURSK-2,"Kurchatovsky District, Kursk Oblast",Operational,1000,3200,63.6,77.7,51.675,35.60556,172.0,PRIS,Map
RU,RUSSIA,SMOLENSK-1,"Roslavlsky District, Smolensk Oblast",Operational,1000,3200,73,90.5,54.1691611,33.2466361,225.5,PRIS,Map
RU,RUSSIA,SMOLENSK-2,"Roslavlsky District, Smolensk Oblast",Operational,1000,3200,74.5,96.5,54.1691611,33.2466361,225.5,PRIS,Map
RU,RUSSIA,BELOYARSK-1,"g. Zarechnyy, Sverdlovskaya oblast",Permanent Shutdown,108,286,0,0,56.84167,61.3225,210.2,PRIS,Map
RU,RUSSIA,KALININ-1,"Udomelsky District, Tver Oblast",Operational,1000,3000,74.6,70.8,57.90556,35.06028,171.1,PRIS,Map
RU,RUSSIA,KALININ-2,"Udomelsky District, Tver Oblast",Operational,1000,3000,77,84.5,57.90556,35.06028,171.1,PRIS,Map
RU,RUSSIA,KOLA-3,"g. Apatity, Murmanskaya oblast",Operational,440,1375,69.1,73.2,67.467,32.467,155.8,PRIS,Map
RU,RUSSIA,KOLA-4,"g. Apatity, Murmanskaya oblast",Operational,440,1375,71.6,69.1,67.467,32.467,155.8,PRIS,Map
RU,RUSSIA,LENINGRAD-3,"g. Sosnovyy Bor, Leningradskaya oblast",Operational,1000,3200,71,88.8,59.84722,29.04361,32.7,PRIS,Map
RU,RUSSIA,LENINGRAD-4,"g. Sosnovyy Bor, Leningradskaya oblast",Operational,1000,3200,72.4,85.7,59.84722,29.04361,32.7,PRIS,Map
RU,RUSSIA,KALININ-3,"Udomelsky District, Tver Oblast",Operational,1000,3200,84,79.3,57.90556,35.06028,171.1,PRIS,Map
RU,RUSSIA,KALININ-4,"Udomelsky District, Tver Oblast",Operational,1000,3200,81.7,87.1,57.90556,35.06028,171.1,PRIS,Map
RU,RUSSIA,KURSK-3,"Kurchatovsky District, Kursk Oblast",Operational,1000,3200,72.7,86,51.675,35.60556,172.0,PRIS,Map
RU,RUSSIA,KURSK-4,"Kurchatovsky District, Kursk Oblast",Operational,1000,3200,76.6,92.8,51.675,35.60556,172.0,PRIS,Map
RU,RUSSIA,NOVOVORONEZH-1,"g. Novovoronezh, Voronezhskaya oblast",Permanent Shutdown,210,760,0,0,51.275,39.2,122.6,PRIS,Map
RU,RUSSIA,ROSTOV-1,"g. Volgodonsk, Rostovskaya oblast",Operational,1000,3200,90,86.8,47.5993417,42.3718778,48.7,PRIS,Map
RU,RUSSIA,BELOYARSK-2,"g. Zarechnyy, Sverdlovskaya oblast",Permanent Shutdown,160,530,0,0,56.84167,61.3225,210.2,PRIS,Map
RU,RUSSIA,ROSTOV-2,"g. Volgodonsk, Rostovskaya oblast",Operational,1000,3200,91.3,93,47.5993417,42.3718778,48.7,PRIS,Map
RU,RUSSIA,ROSTOV-3,"g. Volgodonsk, Rostovskaya oblast",Operational,1100,3000,0,0,47.5993417,42.3718778,48.7,PRIS,Map
RU,RUSSIA,ROSTOV-4,"g. Volgodonsk, Rostovskaya oblast",Under Construction,1070,3000,0,0,47.5993417,42.3718778,48.7,PRIS,Map
RU,RUSSIA,SMOLENSK-3,"Roslavlsky District, Smolensk Oblast",Operational,1000,3200,79.7,85.1,54.1691611,33.2466361,225.5,PRIS,Map
RU,RUSSIA,NOVOVORONEZH-2,"g. Novovoronezh, Voronezhskaya oblast",Permanent Shutdown,365,1320,0,0,51.275,39.2,122.6,PRIS,Map
RU,RUSSIA,NOVOVORONEZH-3,"g. Novovoronezh, Voronezhskaya oblast",Operational,417,1375,71.3,91,51.275,39.2,122.6,PRIS,Map
RU,RUSSIA,BALAKOVO-1,"Balakovsky District, Saratov Oblast",Operational,1000,3000,69.3,84.2,52.09111,47.95528,30.9,PRIS,Map
RU,RUSSIA,BALAKOVO-2,"Balakovsky District, Saratov Oblast",Operational,1000,3000,70.4,78.1,52.09111,47.95528,30.9,PRIS,Map
RU,RUSSIA,BALAKOVO-3,"Balakovsky District, Saratov Oblast",Operational,1000,3000,74.2,93.1,52.09111,47.95528,30.9,PRIS,Map
RU,RUSSIA,BALAKOVO-4,"Balakovsky District, Saratov Oblast",Operational,1000,3200,79.1,86.6,52.09111,47.95528,30.9,PRIS,Map
SE,SWEDEN,AGESTA,Huddinge,Permanent Shutdown,12,80,0,0,59.2060222,18.0828722,82.5,PRIS,Map
SE,SWEDEN,RINGHALS-4,Varberg,Operational,1181,3300,80,78.9,57.25972,12.11083,31.9,PRIS,Map
SE,SWEDEN,FORSMARK-2,Östhammar,Operational,1158,3253,80.5,91.1,60.40333,18.16667,35.6,PRIS,Map
SE,SWEDEN,OSKARSHAMN-3,Oskarshamn,Operational,1450,3900,77.5,78.8,57.41556,16.67111,31.4,PRIS,Map
SE,SWEDEN,FORSMARK-3,Östhammar,Operational,1203,3300,83.8,55.4,60.40333,18.16667,35.6,PRIS,Map
SE,SWEDEN,OSKARSHAMN-1,Oskarshamn,Operational,492,1375,60.4,60.1,57.41556,16.67111,31.4,PRIS,Map
SE,SWEDEN,OSKARSHAMN-2,Oskarshamn,Operational,661,1800,71.4,0,57.41556,16.67111,31.4,PRIS,Map
SE,SWEDEN,RINGHALS-1,Varberg,Operational,910,2540,67.5,74.8,57.25972,12.11083,31.9,PRIS,Map
SE,SWEDEN,RINGHALS-2,Varberg,Operational,847,2500,65.8,0,57.25972,12.11083,31.9,PRIS,Map
SE,SWEDEN,BARSEBACK-1,Kävlinge,Permanent Shutdown,615,1800,74.5,0,55.74444,12.92083,29.8,PRIS,Map
SE,SWEDEN,RINGHALS-3,Varberg,Operational,1117,3135,76.4,83.3,57.25972,12.11083,31.9,PRIS,Map
SE,SWEDEN,BARSEBACK-2,Kävlinge,Permanent Shutdown,615,1800,74.9,0,55.74444,12.92083,29.8,PRIS,Map
SE,SWEDEN,FORSMARK-1,Östhammar,Operational,1022,2928,82,76.2,60.40333,18.16667,35.6,PRIS,Map
SI,SLOVENIA,KRSKO,Municipality of Krško,Operational,727,1994,84.5,89.1,45.93833,15.51556,297.0,PRIS,Map
SK,SLOVAKIA,BOHUNICE A1,Hlohovec District,Permanent Shutdown,143,560,26.2,0,48.49444,17.68194,217.4,PRIS,Map
SK,SLOVAKIA,MOCHOVCE-3,Levice,Under Construction,471,1375,0,0,48.26389,18.45694,271.2,PRIS,Map
SK,SLOVAKIA,MOCHOVCE-4,Levice,Under Construction,471,1375,0,0,48.26389,18.45694,271.2,PRIS,Map
SK,SLOVAKIA,BOHUNICE-3,Hlohovec District,Operational,505,1471,78.6,82.1,48.49444,17.68194,217.4,PRIS,Map
SK,SLOVAKIA,BOHUNICE-4,Hlohovec District,Operational,505,1471,80.2,89.6,48.49444,17.68194,217.4,PRIS,Map
SK,SLOVAKIA,BOHUNICE-1,Hlohovec District,Permanent Shutdown,440,1375,72,0,48.49444,17.68194,217.4,PRIS,Map
SK,SLOVAKIA,BOHUNICE-2,Hlohovec District,Permanent Shutdown,440,1375,74.9,0,48.49444,17.68194,217.4,PRIS,Map
SK,SLOVAKIA,MOCHOVCE-1,Levice,Operational,470,1471,84.6,90,48.26389,18.45694,271.2,PRIS,Map
SK,SLOVAKIA,MOCHOVCE-2,Levice,Operational,470,1471,83.8,93.2,48.26389,18.45694,271.2,PRIS,Map
TW,TAIWAN,CHINSHAN-1,"Shimen District, New Taipei City",Operational,636,1840,79.9,0,25.28583,121.58611,88.9,PRIS,Map
TW,TAIWAN,CHINSHAN-2,"Shimen District, New Taipei City",Operational,636,1840,84.2,92,25.28583,121.58611,88.9,PRIS,Map
TW,TAIWAN,KUOSHENG-1,"Shimen District, New Taipei City",Operational,1020,2894,83.4,87.8,25.28583,121.58611,88.9,PRIS,Map
TW,TAIWAN,KUOSHENG-2,"Shimen District, New Taipei City",Operational,1020,2894,83.9,99.3,25.28583,121.58611,88.9,PRIS,Map
TW,TAIWAN,MAANSHAN-1,"Hengchun, Hengchun Township, Pingtung County",Operational,951,2822,86.8,91.4,21.95833,120.75139,25.3,PRIS,Map
TW,TAIWAN,MAANSHAN-2,"Hengchun, Hengchun Township, Pingtung County",Operational,951,2822,86.9,80.8,21.95833,120.75139,25.3,PRIS,Map
TW,TAIWAN,LUNGMEN 1,"Shimen District, New Taipei City",Under Construction,1350,3926,0,0,25.28583,121.58611,88.9,PRIS,Map
TW,TAIWAN,LUNGMEN 2,"Shimen District, New Taipei City",Under Construction,1350,3926,0,0,25.28583,121.58611,88.9,PRIS,Map
UA,UKRAINE,ZAPOROZHYE-5,"Enerhodarska city council, Zaporizka oblast",Operational,1000,3000,74.6,71.2,47.51222,34.58583,38.9,PRIS,Map
UA,UKRAINE,ZAPOROZHYE-6,"Enerhodarska city council, Zaporizka oblast",Operational,1000,3000,78.6,80.6,47.51222,34.58583,38.9,PRIS,Map
UA,UKRAINE,CHERNOBYL-1,"Ivankivskyi district, Kyivska oblast",Permanent Shutdown,800,3200,64.2,0,51.38972,30.09917,139.5,PRIS,Map
UA,UKRAINE,CHERNOBYL-2,"Ivankivskyi district, Kyivska oblast",Permanent Shutdown,1000,3200,0,0,51.38972,30.09917,139.5,PRIS,Map
UA,UKRAINE,ROVNO-1,"Kuznetsovska city council, Rivnenska oblast",Operational,420,1375,75.4,88.1,51.32778,25.89167,198.8,PRIS,Map
UA,UKRAINE,ROVNO-2,"Kuznetsovska city council, Rivnenska oblast",Operational,415,1375,77,66.6,51.32778,25.89167,217.4,PRIS,Map
UA,UKRAINE,ROVNO-3,"Kuznetsovska city council, Rivnenska oblast",Operational,1000,3000,67.6,66.6,51.32778,25.89167,217.4,PRIS,Map
UA,UKRAINE,KHMELNITSKI-1,"Netishynska city council, Khmelnytska oblast",Operational,1000,3000,73.5,42.7,50.3014056,26.64975,241.0,PRIS,Map
UA,UKRAINE,KHMELNITSKI-2,"Netishynska city council, Khmelnytska oblast",Operational,1000,3000,76.5,81.4,50.3014056,26.64975,241.0,PRIS,Map
UA,UKRAINE,CHERNOBYL-3,"Ivankivskyi district, Kyivska oblast",Permanent Shutdown,1000,3200,63.8,0,51.38972,30.09917,132.7,PRIS,Map
UA,UKRAINE,CHERNOBYL-4,"Ivankivskyi district, Kyivska oblast",Permanent Shutdown,1000,3200,0,0,51.38972,30.09917,132.7,PRIS,Map
UA,UKRAINE,SOUTH UKRAINE-1,"Yuzhnoukrainska city council, Mykolaivska oblast",Operational,1000,3000,65.5,77.2,47.81667,31.21667,135.3,PRIS,Map
UA,UKRAINE,SOUTH UKRAINE-2,"Yuzhnoukrainska city council, Mykolaivska oblast",Operational,1000,3000,65.4,73.9,47.81667,31.21667,135.3,PRIS,Map
UA,UKRAINE,SOUTH UKRAINE-3,"Yuzhnoukrainska city council, Mykolaivska oblast",Operational,1000,3000,67.6,71,47.81667,31.21667,135.3,PRIS,Map
UA,UKRAINE,KHMELNITSKI-3,"Netishynska city council, Khmelnytska oblast",Under Construction,1000,3200,0,0,50.3014056,26.64975,241.0,PRIS,Map
UA,UKRAINE,KHMELNITSKI-4,"Netishynska city council, Khmelnytska oblast",Under Construction,1000,3200,0,0,50.3014056,26.64975,241.0,PRIS,Map
UA,UKRAINE,ZAPOROZHYE-1,"Enerhodarska city council, Zaporizka oblast",Operational,1000,3000,65,68,47.51222,34.58583,43.5,PRIS,Map
UA,UKRAINE,ZAPOROZHYE-2,"Enerhodarska city council, Zaporizka oblast",Operational,1000,3000,68,75.8,47.51222,34.58583,43.5,PRIS,Map
UA,UKRAINE,ROVNO-4,"Kuznetsovska city council, Rivnenska oblast",Operational,1000,3000,65.4,74.2,51.32778,25.89167,217.4,PRIS,Map
UA,UKRAINE,ZAPOROZHYE-3,"Enerhodarska city council, Zaporizka oblast",Operational,1000,3000,69.9,75.5,47.51222,34.58583,43.5,PRIS,Map
UA,UKRAINE,ZAPOROZHYE-4,"Enerhodarska city council, Zaporizka oblast",Operational,1000,3000,73.3,79.1,47.51222,34.58583,43.5,PRIS,Map
US,UNITED STATES,ELK RIVER,"Sherburne County, MN",Permanent Shutdown,24,58,0,0,45.295172,-93.5567,245.1,PRIS,Map
US,UNITED STATES,DRESDEN-1,"Goose Lake Township, IL",Permanent Shutdown,207,700,0,0,41.38972,-88.26806,132.4,PRIS,Map
US,UNITED STATES,PATHFINDER,"Brandon Township, SD",Permanent Shutdown,63,220,0,0,43.60361,-96.6375,403.4,PRIS,Map
US,UNITED STATES,HUMBOLDT BAY,"Humboldt County, CA",Permanent Shutdown,65,220,0,0,40.7413222,-124.2090444,-26.2,PRIS,Map
US,UNITED STATES,CVTR,"Fairfield County, SC",Permanent Shutdown,19,65,0,0,34.2625,-81.32917,59.0,PRIS,Map
US,UNITED STATES,BIG ROCK POINT,"Hayes Township, MI",Permanent Shutdown,71,240,64.1,0,45.35889,-85.19722,148.4,PRIS,Map
US,UNITED STATES,FERMI-1,"Frenchtown Charter Twp, MI",Permanent Shutdown,65,200,0,0,41.96278,-83.2575,137.5,PRIS,Map
US,UNITED STATES,PEACH BOTTOM-1,"Peach Bottom Township, PA",Permanent Shutdown,42,115,0,0,39.75833,-76.26806,37.8,PRIS,Map
US,UNITED STATES,SAN ONOFRE-1,"San Diego County, CA",Permanent Shutdown,456,1347,53.2,0,33.36889,-117.555,-15.7,PRIS,Map
US,UNITED STATES,HADDAM NECK,"Middlesex County, CT",Permanent Shutdown,603,1825,73.5,0,41.48194,-72.49917,-5.9,PRIS,Map
US,UNITED STATES,OYSTER CREEK,"Ocean County, NJ",Operational,652,1930,73.2,97.3,39.81472,-74.205,-27.6,PRIS,Map
US,UNITED STATES,NINE MILE POINT-1,"Scriba, NY",Operational,642,1850,72.7,91.3,43.52083,-76.40694,35.9,PRIS,Map
US,UNITED STATES,DRESDEN-2,"Goose Lake Township, IL",Operational,950,2957,72,94,41.38972,-88.26806,132.4,PRIS,Map
US,UNITED STATES,GINNA,"Ontario, NY",Operational,608,1775,83.9,93.9,43.27778,-77.31,43.0,PRIS,Map
US,UNITED STATES,MILLSTONE-1,"Waterford, CT",Permanent Shutdown,684,2011,65.1,0,41.31194,-72.16861,-33.1,PRIS,Map
US,UNITED STATES,INDIAN POINT-2,"Cortlandt Manor, NY",Operational,1067,3216,74.5,98.4,41.26972,-73.95222,-13.5,PRIS,Map
US,UNITED STATES,DRESDEN-3,"Goose Lake Township, IL",Operational,935,2957,72.1,101.7,41.38972,-88.26806,132.4,PRIS,Map
US,UNITED STATES,TURKEY POINT-3,"Miami-Dade County, FL",Operational,829,2644,76.3,85.4,25.43417,-80.33056,-27.2,PRIS,Map
US,UNITED STATES,TURKEY POINT-4,"Miami-Dade County, FL",Operational,829,2644,76.6,100.3,25.43417,-80.33056,-27.2,PRIS,Map
US,UNITED STATES,QUAD CITIES-1,"Cordova Township, IL",Operational,940,2957,76.1,94.5,41.72639,-90.31,147.2,PRIS,Map
US,UNITED STATES,PALISADES,"Covert Township, MI",Operational,850,2565,69.4,89.6,42.32278,-86.31444,178.8,PRIS,Map
US,UNITED STATES,BROWNS FERRY-1,"Limestone County, AL",Operational,1155,3458,70.7,98,34.70389,-87.11861,148.9,PRIS,Map
US,UNITED STATES,BROWNS FERRY-2,"Limestone County, AL",Operational,1155,3458,78.4,88.8,34.70389,-87.11861,148.9,PRIS,Map
US,UNITED STATES,ROBINSON-2,"Darlington County, SC",Operational,780,2339,77.8,88.2,34.40278,-80.15833,39.1,PRIS,Map
US,UNITED STATES,MONTICELLO,"Wright County, MN",Operational,691,2004,80,82.3,45.33361,-93.84917,262.3,PRIS,Map
US,UNITED STATES,QUAD CITIES-2,"Cordova Township, IL",Operational,940,2957,74.9,100.8,41.72639,-90.31,147.2,PRIS,Map
US,UNITED STATES,POINT BEACH-1,"Two Creeks, WI",Operational,640,1800,80.7,100.3,44.28111,-87.53667,142.7,PRIS,Map
US,UNITED STATES,FORT ST. VRAIN,"Weld County, CO",Permanent Shutdown,342,842,15.2,0,40.24444,-104.87417,1447.8,PRIS,Map
US,UNITED STATES,OCONEE-1,"Oconee County, SC",Operational,891,2568,78.7,100.4,34.79389,-82.89806,229.6,PRIS,Map
US,UNITED STATES,OCONEE-2,"Oconee County, SC",Operational,891,2568,81.3,93.6,34.79389,-82.89806,229.6,PRIS,Map
US,UNITED STATES,VERMONT YANKEE,"Windham County, VT",Permanent Shutdown,635,1912,83.9,96.5,42.77889,-72.51306,47.9,PRIS,Map
US,UNITED STATES,SALEM-1,"Lower Alloways Creek, NJ",Operational,1254,3459,69.1,95.5,39.46278,-75.53556,-34.3,PRIS,Map
US,UNITED STATES,DIABLO CANYON-1,"San Luis Obispo County, CA",Operational,1197,3411,86.3,88.2,35.21083,-120.85611,60.0,PRIS,Map
US,UNITED STATES,PEACH BOTTOM-2,"Peach Bottom Township, PA",Operational,1412,3951,75.4,99.7,39.75833,-76.26806,37.8,PRIS,Map
US,UNITED STATES,PEACH BOTTOM-3,"Peach Bottom Township, PA",Operational,1412,3951,76.3,90.2,39.75833,-76.26806,37.8,PRIS,Map
US,UNITED STATES,SURRY-1,"Bacons Castle, VA",Operational,890,2587,76.3,77.2,37.16556,-76.69778,-35.3,PRIS,Map
US,UNITED STATES,SURRY-2,"Bacons Castle, VA",Operational,890,2587,76.6,83.4,37.16556,-76.69778,-35.3,PRIS,Map
US,UNITED STATES,PRAIRIE ISLAND-1,"Goodhue County, MN",Operational,566,1677,85.7,87.3,44.62167,-92.63306,186.9,PRIS,Map
US,UNITED STATES,FORT CALHOUN-1,"2, NE",Operational,512,1500,72.6,83.5,41.52028,-96.07722,288.6,PRIS,Map
US,UNITED STATES,INDIAN POINT-3,"Cortlandt Manor, NY",Operational,1085,3216,70.3,83.3,41.26972,-73.95222,-13.5,PRIS,Map
US,UNITED STATES,OCONEE-3,"Oconee County, SC",Operational,900,2568,81.3,100.4,34.79389,-82.89806,229.6,PRIS,Map
US,UNITED STATES,THREE MILE ISLAND-1,"Londonderry Township, PA",Operational,880,2568,76.2,92,40.15389,-76.72472,53.0,PRIS,Map
US,UNITED STATES,YANKEE NPS,"Franklin County, MA",Permanent Shutdown,180,600,71.7,0,42.7278389,-72.9291083,387.3,PRIS,Map
US,UNITED STATES,PILGRIM-1,"Plymouth County, MA",Operational,711,2028,69.8,84.2,41.945,-70.5783,-24.2,PRIS,Map
US,UNITED STATES,ZION-1,"Zion Township, IL",Permanent Shutdown,1085,3250,57.4,0,42.446428,-87.803003,143.1,PRIS,Map
US,UNITED STATES,BROWNS FERRY-3,"Limestone County, AL",Operational,1155,3458,81.3,99.4,34.70389,-87.11861,148.9,PRIS,Map
US,UNITED STATES,COOPER,"Nemaha, NE",Operational,801,2419,74.4,101,40.36194,-95.64139,254.1,PRIS,Map
US,UNITED STATES,INDIAN POINT-1,"Cortlandt Manor, NY",Permanent Shutdown,277,615,0,0,41.26972,-73.95222,-13.5,PRIS,Map
US,UNITED STATES,POINT BEACH-2,"Two Creeks, WI",Operational,640,1800,83.5,93.1,44.28111,-87.53667,142.7,PRIS,Map
US,UNITED STATES,CRYSTAL RIVER-3,"Citrus County, FL",Permanent Shutdown,890,2568,64.5,0,28.9575,-82.69833,-27.8,PRIS,Map
US,UNITED STATES,ZION-2,"Zion Township, IL",Permanent Shutdown,1085,3250,59.2,0,42.446428,-87.803003,143.1,PRIS,Map
US,UNITED STATES,KEWAUNEE,"Carlton, WI",Permanent Shutdown,595,1772,84,0,44.34222,-87.53611,147.4,PRIS,Map
US,UNITED STATES,PRAIRIE ISLAND-2,"Goodhue County, MN",Operational,560,1677,87.2,74.6,44.62167,-92.63306,186.9,PRIS,Map
US,UNITED STATES,MAINE YANKEE,"Lincoln County, ME",Permanent Shutdown,900,2630,68.2,0,43.9517583,-69.6962278,-16.0,PRIS,Map
US,UNITED STATES,SALEM-2,"Lower Alloways Creek, NJ",Operational,1200,3459,70.4,87.7,39.46278,-75.53556,-34.3,PRIS,Map
US,UNITED STATES,RANCHO SECO-1,"Sacramento County, CA",Permanent Shutdown,917,2772,40,0,38.34528,-121.12167,22.2,PRIS,Map
US,UNITED STATES,ANO-1,"Clark Township, AR",Operational,903,2568,77,89.2,35.31028,-93.23139,74.4,PRIS,Map
US,UNITED STATES,COOK-1,"Berrien County, MI",Operational,1100,3304,68.3,85.4,41.975391,-86.565914,141.6,PRIS,Map
US,UNITED STATES,COOK-2,"Berrien County, MI",Operational,1151,3468,69.8,89.7,41.975391,-86.565914,141.6,PRIS,Map
US,UNITED STATES,CALVERT CLIFFS-1,"1, Solomons Island, MD",Operational,918,2737,80.9,102.5,38.43194,-76.44222,-18.8,PRIS,Map
US,UNITED STATES,CALVERT CLIFFS-2,"1, Solomons Island, MD",Operational,911,2737,83.2,92.4,38.43194,-76.44222,-18.8,PRIS,Map
US,UNITED STATES,THREE MILE ISLAND-2,"Londonderry Township, PA",Permanent Shutdown,959,2772,69.3,0,40.153293,-76.72534,52.4,PRIS,Map
US,UNITED STATES,HATCH-1,"Appling County, GA",Operational,911,2804,80.2,98.6,31.93417,-82.34389,-2.1,PRIS,Map
US,UNITED STATES,SHOREHAM,"Brookhaven, NY",Permanent Shutdown,849,2436,0,0,40.96111,-72.865,-13.8,PRIS,Map
US,UNITED STATES,DIABLO CANYON-2,"San Luis Obispo County, CA",Operational,1197,3411,87.4,99.6,35.21083,-120.85611,60.0,PRIS,Map
US,UNITED STATES,BRUNSWICK-2,"Smithville, NC",Operational,960,2923,72.9,88.1,33.95833,-78.01028,-32.5,PRIS,Map
US,UNITED STATES,BRUNSWICK-1,"Smithville, NC",Operational,990,2923,75.4,99.7,33.95833,-78.01028,-32.5,PRIS,Map
US,UNITED STATES,SEQUOYAH-1,"Hamilton County, TN",Operational,1221,3455,73.4,77,35.22639,-85.09167,205.9,PRIS,Map
US,UNITED STATES,SEQUOYAH-2,"Hamilton County, TN",Operational,1200,3455,76,88.7,35.22639,-85.09167,205.9,PRIS,Map
US,UNITED STATES,DUANE ARNOLD-1,"Fayette, IA",Operational,624,1912,77.4,99.6,42.10056,-91.77722,220.5,PRIS,Map
US,UNITED STATES,FITZPATRICK,"Scriba, NY",Operational,849,2536,76.9,103.7,43.5233,-76.3983,37.7,PRIS,Map
US,UNITED STATES,BEAVER VALLEY-1,"Beaver County, PA",Operational,959,2900,73.4,90.3,40.62333,-80.43056,241.6,PRIS,Map
US,UNITED STATES,ST. LUCIE-1,"St Lucie County, FL",Operational,1045,3020,82.4,91.1,27.34861,-80.24639,-32.4,PRIS,Map
US,UNITED STATES,MILLSTONE-2,"Waterford, CT",Operational,918,2700,68.8,89,41.31194,-72.16861,-33.1,PRIS,Map
US,UNITED STATES,NORTH ANNA-1,"Cuckoo, VA",Operational,990,2940,81.4,93.8,38.06056,-77.78944,57.8,PRIS,Map
US,UNITED STATES,NORTH ANNA-2,"Cuckoo, VA",Operational,1011,2940,84.4,102.7,38.06056,-77.78944,57.8,PRIS,Map
US,UNITED STATES,FERMI-2,"Frenchtown Charter Twp, MI",Operational,1198,3486,75.2,74.7,41.96278,-83.2575,137.5,PRIS,Map
US,UNITED STATES,TROJAN,"Columbia County, OR",Permanent Shutdown,1155,3411,53.6,0,46.03833,-122.885,49.7,PRIS,Map
US,UNITED STATES,DAVIS BESSE-1,"Carroll Township, OH",Operational,925,2817,69.6,100.8,41.59667,-83.08639,137.2,PRIS,Map
US,UNITED STATES,FARLEY-1,"Houston County, AL",Operational,918,2775,83.5,87.3,31.22306,-85.11167,32.6,PRIS,Map
US,UNITED STATES,LIMERICK-1,"Limerick, PA",Operational,1194,3515,88.6,101.4,40.22667,-75.58722,25.6,PRIS,Map
US,UNITED STATES,LIMERICK-2,"Limerick, PA",Operational,1194,3515,92.4,89.9,40.22667,-75.58722,25.6,PRIS,Map
US,UNITED STATES,HOPE CREEK-1,"Lower Alloways Creek, NJ",Operational,1240,3840,86.2,92,39.46778,-75.53806,-34.1,PRIS,Map
US,UNITED STATES,SAN ONOFRE-2,"San Diego County, CA",Permanent Shutdown,1127,3438,78,0,33.36889,-117.555,-15.7,PRIS,Map
US,UNITED STATES,SAN ONOFRE-3,"San Diego County, CA",Permanent Shutdown,1127,3438,77.5,0,33.36889,-117.555,-15.7,PRIS,Map
US,UNITED STATES,FARLEY-2,"Houston County, AL",Operational,928,2775,86.7,98.3,31.22306,-85.11167,45.0,PRIS,Map
US,UNITED STATES,HATCH-2,"Appling County, GA",Operational,921,2804,80.8,89.6,31.93417,-82.34389,14.9,PRIS,Map
US,UNITED STATES,ANO-2,"Clark Township, AR",Operational,1065,3026,84.5,84.3,35.31028,-93.23139,106.0,PRIS,Map
US,UNITED STATES,MCGUIRE-1,"10, Lemley, NC",Operational,1215,3411,80,100.3,35.4325,-80.94833,183.7,PRIS,Map
US,UNITED STATES,MCGUIRE-2,"10, Lemley, NC",Operational,1215,3411,85.3,92.1,35.4325,-80.94833,183.7,PRIS,Map
US,UNITED STATES,LASALLE-1,"Brookfield Township, IL",Operational,1207,3546,78.3,101.9,41.24556,-88.66917,170.5,PRIS,Map
US,UNITED STATES,LASALLE-2,"Brookfield Township, IL",Operational,1207,3546,78.1,85.4,41.24556,-88.66917,170.5,PRIS,Map
US,UNITED STATES,WATERFORD-3,"1, LA",Operational,1250,3716,86.9,82.2,29.99528,-90.47111,-26.0,PRIS,Map
US,UNITED STATES,SUSQUEHANNA-1,"Salem Township, PA",Operational,1330,3952,83.1,99.1,41.08889,-76.14889,256.1,PRIS,Map
US,UNITED STATES,SUSQUEHANNA-2,"Salem Township, PA",Operational,1330,3952,86.2,88.2,41.08889,-76.14889,256.1,PRIS,Map
US,UNITED STATES,ST. LUCIE-2,"St Lucie County, FL",Operational,1050,3020,84.5,83.8,27.34861,-80.24639,-31.7,PRIS,Map
US,UNITED STATES,WATTS BAR-1,"Rhea County, TN",Operational,1210,3459,90,85.9,35.60278,-84.78944,222.5,PRIS,Map
US,UNITED STATES,WATTS BAR-2,"Rhea County, TN",Under Construction,1218,3425,0,0,35.60278,-84.78944,222.5,PRIS,Map
US,UNITED STATES,SUMMER-1,"Fairfield County, SC",Operational,1006,2900,83.4,83.6,34.29861,-81.31472,88.4,PRIS,Map
US,UNITED STATES,COLUMBIA,"Benton County, WA",Operational,1190,3486,74.1,84.2,46.47111,-119.33389,112.0,PRIS,Map
US,UNITED STATES,BONUS,"Puntas, Rincón 00602",Permanent Shutdown,18,50,0,0,18.36639,-67.26861,-216.8,PRIS,Map
US,UNITED STATES,HARRIS-1,"Buckhorn, NC",Operational,960,2900,88.4,89.5,35.6333,-78.955,48.6,PRIS,Map
US,UNITED STATES,LACROSSE,"Vernon County, WI",Permanent Shutdown,55,165,51,0,43.560062,-91.231485,159.7,PRIS,Map
US,UNITED STATES,NINE MILE POINT-2,"Scriba, NY",Operational,1320,3988,83.3,99,43.52083,-76.40694,35.0,PRIS,Map
US,UNITED STATES,BEAVER VALLEY-2,"Beaver County, PA",Operational,958,2900,85.2,91.6,40.62333,-80.43056,265.4,PRIS,Map
US,UNITED STATES,CATAWBA-1,"York County, SC",Operational,1188,3411,85,92.5,35.0517,-81.07,167.9,PRIS,Map
US,UNITED STATES,CATAWBA-2,"York County, SC",Operational,1188,3411,86.2,90.6,35.0517,-81.07,167.9,PRIS,Map
US,UNITED STATES,GRAND GULF-1,"Claiborne County, MS",Operational,1500,4408,86.6,94.3,32.0067,-91.0483,28.4,PRIS,Map
US,UNITED STATES,MILLSTONE-3,"Waterford, CT",Operational,1280,3650,77.9,99.2,41.31194,-72.16861,-27.9,PRIS,Map
US,UNITED STATES,VOGTLE-1,"Burke County, GA",Operational,1229,3626,90.8,91.5,33.14333,-81.76056,35.2,PRIS,Map
US,UNITED STATES,VOGTLE-2,"Burke County, GA",Operational,1229,3626,91,100.5,33.14333,-81.76056,35.2,PRIS,Map
US,UNITED STATES,PERRY-1,"Perry Township, OH",Operational,1303,3758,80,86.2,41.80083,-81.14333,150.8,PRIS,Map
US,UNITED STATES,SEABROOK-1,"Rockingham County, NH",Operational,1296,3648,86,86.9,42.89889,-70.85083,-21.5,PRIS,Map
US,UNITED STATES,COMANCHE PEAK-1,"Somervell County, TX",Operational,1259,3612,87.1,100.4,32.2983,-97.785,214.6,PRIS,Map
US,UNITED STATES,COMANCHE PEAK-2,"Somervell County, TX",Operational,1250,3612,89.9,88.8,32.2983,-97.785,214.6,PRIS,Map
US,UNITED STATES,BYRON-1,"Rockvale Township, IL",Operational,1242,3645,86.2,92.7,42.07417,-89.28194,194.8,PRIS,Map
US,UNITED STATES,BYRON-2,"Rockvale Township, IL",Operational,1210,3645,89.7,100.6,42.07417,-89.28194,194.8,PRIS,Map
US,UNITED STATES,BRAIDWOOD-1,"Reed Township, IL",Operational,1270,3645,88.1,95.6,41.24361,-88.22917,144.2,PRIS,Map
US,UNITED STATES,BRAIDWOOD-2,"Reed Township, IL",Operational,1230,3645,89.9,95.6,41.24361,-88.22917,144.2,PRIS,Map
US,UNITED STATES,RIVER BEND-1,"2, LA",Operational,1016,3091,81.8,81.9,30.7567,-91.333,4.6,PRIS,Map
US,UNITED STATES,CLINTON-1,"Harp Township, IL",Operational,1098,3473,77.4,86.7,40.17222,-88.835,179.7,PRIS,Map
US,UNITED STATES,WOLF CREEK,"Hampden, KS",Operational,1285,3565,84.6,82.3,38.23889,-95.68889,304.0,PRIS,Map
US,UNITED STATES,CALLAWAY-1,"Auxvasse Township, MO",Operational,1275,3565,88,98.1,38.7617,-91.78,200.4,PRIS,Map
US,UNITED STATES,SOUTH TEXAS-1,"Matagorda County, TX",Operational,1354,3853,82.9,83.2,28.79556,-96.04889,-20.4,PRIS,Map
US,UNITED STATES,SOUTH TEXAS-2,"Matagorda County, TX",Operational,1354,3853,82.2,90.6,28.79556,-96.04889,-20.4,PRIS,Map
US,UNITED STATES,PALO VERDE-1,"Maricopa County, AZ",Operational,1414,3990,79,101,33.38917,-112.865,260.9,PRIS,Map
US,UNITED STATES,PALO VERDE-2,"Maricopa County, AZ",Operational,1414,3990,82.7,90.4,33.38917,-112.865,260.9,PRIS,Map
US,UNITED STATES,PALO VERDE-3,"Maricopa County, AZ",Operational,1414,3990,84.4,91.4,33.38917,-112.865,260.9,PRIS,Map
ZA,SOUTH AFRICA,KOEBERG-1,Cape Town,Operational,970,2775,70.6,65.3,-33.676444,18.4320472,48.5,PRIS,Map
ZA,SOUTH AFRICA,KOEBERG-2,Cape Town,Operational,970,2775,71.2,69.3,-33.676444,18.4320472,48.5,PRIS,Map
CN,CHINA,TIANWAN-1,Jiangsu,Operational,1060,3000,85.4,89.6,34.68694,119.45972,238.3,PRIS,Map
CN,CHINA,TIANWAN-2,Jiangsu,Operational,1060,3000,88.4,91.1,34.68694,119.45972,238.3,PRIS,Map
CN,CHINA,QINSHAN 3-2,Zhejiang,Operational,728,2064,92.3,91.7,30.43306,120.95,10.5,PRIS,Map
JP,JAPAN,HIGASHI DORI 1 (TOHOKU),"Shimokita District, Aomori Prefecture",Operational,1100,3293,42,0,41.18806,141.39028,98.1,PRIS,Map
JP,JAPAN,SHIKA-2,"Hakui District, Ishikawa Prefecture",Operational,1206,3926,26.8,0,37.06111,136.72639,56.8,PRIS,Map
JP,JAPAN,HAMAOKA-5,Shizuoka Prefecture,Operational,1380,3926,27.8,0,34.62361,138.1425,41.8,PRIS,Map
IN,INDIA,KUDANKULAM-1,"Tirunelveli, Tamil Nadu",Operational,1000,3000,40,40,8.16889,77.7125,-63.9,PRIS,Map
IN,INDIA,KUDANKULAM-2,"Tirunelveli, Tamil Nadu",Under Construction,1000,3000,0,0,8.16889,77.7125,-63.9,PRIS,Map
JP,JAPAN,TOMARI-3,"Furuu District, Hokkaido Prefecture",Operational,912,2660,37.8,0,43.03611,140.5125,125.5,PRIS,Map
IN,INDIA,PFBR,"Kanchipuram, Tamil Nadu",Under Construction,500,1253,0,0,12.55306,80.17333,-91.6,PRIS,Map
FI,FINLAND,OLKILUOTO-3,Eurajoki,Under Construction,1720,4300,0,0,61.23694,21.44083,18.9,PRIS,Map
JP,JAPAN,SHIMANE-3,Shimane Prefecture,Under Construction,1373,3926,0,0,35.53833,132.99917,140.1,PRIS,Map
KR,SOUTH KOREA,SHIN-KORI-1,Busan,Operational,1049,2825,74.9,86.4,35.319904,129.290053,32.6,PRIS,Map
KR,SOUTH KOREA,SHIN-KORI-2,Busan,Operational,1046,2825,76.5,84.9,35.319904,129.290053,32.6,PRIS,Map
JP,JAPAN,OHMA,"Shimokita District, Aomori Prefecture",Under Construction,1383,3926,0,0,41.50972,140.91028,34.0,PRIS,Map
FR,FRANCE,FLAMANVILLE-3,Manche,Under Construction,1650,4300,0,0,49.53639,-1.88167,40.6,PRIS,Map
CN,CHINA,LINGAO-4,Guangdong,Operational,1080,2905,86.9,89.5,22.6047889,114.5514889,-3.4,PRIS,Map
CN,CHINA,QINSHAN 2-3,Zhejiang,Operational,660,1930,90.2,90.9,30.43306,120.95,10.5,PRIS,Map
CN,CHINA,QINSHAN 2-4,Zhejiang,Operational,660,1930,91.2,90.7,30.43306,120.95,10.5,PRIS,Map
CN,CHINA,LINGAO-3,Guangdong,Operational,1080,2905,82.7,89,22.6047889,114.5514889,-3.4,PRIS,Map
CN,CHINA,SANMEN-1,Zhejiang,Under Construction,1250,3400,0,0,29.10111,121.64194,13.5,PRIS,Map
CN,CHINA,SANMEN-2,Zhejiang,Under Construction,1250,3400,0,0,29.10111,121.64194,13.5,PRIS,Map
CN,CHINA,YANGJIANG-1,Guangdong,Operational,1086,2905,100.5,100.5,21.70833,112.26111,-8.1,PRIS,Map
CN,CHINA,YANGJIANG-2,Guangdong,Operational,1080,2905,0,0,21.70833,112.26111,-8.1,PRIS,Map
KR,SOUTH KOREA,SHIN-WOLSONG-1,Gyeongsangbuk-do,Operational,1045,2825,72.4,71.2,35.71667,129.47778,106.0,PRIS,Map
KR,SOUTH KOREA,SHIN-WOLSONG-2,Gyeongsangbuk-do,Operational,1045,2825,100,100,35.71667,129.47778,106.0,PRIS,Map
KR,SOUTH KOREA,SHIN-KORI-3,Busan,Operational,1400,3983,0,0,35.319904,129.290053,32.6,PRIS,Map
KR,SOUTH KOREA,SHIN-KORI-4,Busan,Under Construction,1400,3938,0,0,35.319904,129.290053,32.6,PRIS,Map
KR,SOUTH KOREA,SHIN-HANUL-1,Gyeongsangbuk-do,Under Construction,1400,3938,0,0,37.09278,129.38361,83.6,PRIS,Map
KR,SOUTH KOREA,SHIN-HANUL-2,Gyeongsangbuk-do,Under Construction,1400,3983,0,0,37.09278,129.38361,83.6,PRIS,Map
US,UNITED STATES,SHIPPINGPORT,"Beaver County, PA",Permanent Shutdown,68,236,0,0,40.62111,-80.43528,266.4,PRIS,Map
US,UNITED STATES,HALLAM,"Buda, NE",Permanent Shutdown,84,256,0,0,40.55925,-96.7847111,398.4,PRIS,Map
US,UNITED STATES,SAXTON,"Liberty Township, PA",Permanent Shutdown,3,24,0,0,40.22694,-78.24194,328.9,PRIS,Map
US,UNITED STATES,GE VALLECITOS,"Alameda County, CA",Permanent Shutdown,24,50,0,0,37.6132667,-121.8401639,231.6,PRIS,Map
US,UNITED STATES,PIQUA,"Springcreek Township, OH",Permanent Shutdown,12,46,0,0,40.1323167,-84.2347667,255.3,PRIS,Map
RU,RUSSIA,AKADEMIK LOMONOSOV-1,UNKNOWN LOCATION,Under Construction,38,150,0,0,52.92028,158.42472,189.8,PRIS,Map
RU,RUSSIA,AKADEMIK LOMONOSOV-2,UNKNOWN LOCATION,Under Construction,38,150,0,0,52.92028,158.42472,189.8,PRIS,Map
RU,RUSSIA,NOVOVORONEZH 2-1,"g. Novovoronezh, Voronezhskaya oblast",Under Construction,1199,3200,0,0,51.275,39.2,122.6,PRIS,Map
RU,RUSSIA,NOVOVORONEZH 2-2,"g. Novovoronezh, Voronezhskaya oblast",Under Construction,1199,3200,0,0,51.275,39.2,122.6,PRIS,Map
RU,RUSSIA,LENINGRAD 2-1,"g. Sosnovyy Bor, Leningradskaya oblast",Under Construction,1170,3200,0,0,59.84722,29.04361,32.7,PRIS,Map
RU,RUSSIA,LENINGRAD 2-2,"g. Sosnovyy Bor, Leningradskaya oblast",Under Construction,1170,3200,0,0,59.84722,29.04361,32.7,PRIS,Map
CN,CHINA,HONGYANHE-1,Liaoning,Operational,1119,2905,79.2,65.6,39.79583,121.48056,19.9,PRIS,Map
CN,CHINA,HONGYANHE-2,Liaoning,Operational,1119,2905,72.5,72.5,39.79583,121.48056,19.9,PRIS,Map
CN,CHINA,HONGYANHE-3,Liaoning,Operational,1119,2905,0,0,39.79583,121.48056,19.9,PRIS,Map
CN,CHINA,HONGYANHE-4,Liaoning,Under Construction,1080,2905,0,0,39.79583,121.48056,19.9,PRIS,Map
CN,CHINA,HAIYANG-1,Shandong,Under Construction,1250,3451,0,0,36.7083,121.383,4.4,PRIS,Map
CN,CHINA,HAIYANG-2,Shandong,Under Construction,1250,3415,0,0,36.7083,121.383,4.4,PRIS,Map
CN,CHINA,FANGJIASHAN-1,Zhejiang,Operational,1080,2905,0,0,30.441342,120.941758,11.8,PRIS,Map
CN,CHINA,FANGJIASHAN-2,Zhejiang,Operational,1080,2905,0,0,30.441342,120.941758,11.8,PRIS,Map
CN,CHINA,FUQING-1,Fujian,Operational,1080,2905,109,109,25.44583,119.44722,12.1,PRIS,Map
CN,CHINA,FUQING-2,Fujian,Operational,1080,2905,0,0,25.44583,119.44722,12.1,PRIS,Map
CN,CHINA,TAISHAN-1,Guangdong,Under Construction,1750,4590,0,0,21.91778,112.98194,82.5,PRIS,Map
CN,CHINA,TAISHAN-2,Guangdong,Under Construction,1750,4590,0,0,21.91778,112.98194,82.5,PRIS,Map
CN,CHINA,NINGDE-1,Fujian,Operational,1080,2905,73.8,56.6,27.04444,120.28333,48.3,PRIS,Map
CN,CHINA,NINGDE-2,Fujian,Operational,1080,2905,97.6,97.6,27.04444,120.28333,48.3,PRIS,Map
CN,CHINA,NINGDE-3,Fujian,Operational,1080,2905,0,0,27.04444,120.28333,48.3,PRIS,Map
CN,CHINA,NINGDE-4,Fujian,Under Construction,1080,2905,0,0,27.04444,120.28333,11.5,PRIS,Map
CN,CHINA,YANGJIANG-3,Guangdong,Operational,1080,2905,0,0,21.70833,112.26111,114.1,PRIS,Map
CN,CHINA,YANGJIANG-4,Guangdong,Under Construction,1080,2905,0,0,21.70833,112.26111,114.1,PRIS,Map
CN,CHINA,YANGJIANG-5,Guangdong,Under Construction,1087,2905,0,0,21.70833,112.26111,114.1,PRIS,Map
CN,CHINA,YANGJIANG-6,Guangdong,Under Construction,1087,2905,0,0,21.70833,112.26111,114.1,PRIS,Map
CN,CHINA,FUQING-3,Fujian,Under Construction,1080,2905,0,0,25.44583,119.44722,41.3,PRIS,Map
CN,CHINA,FUQING-4,Fujian,Under Construction,1080,2905,0,0,25.44583,119.44722,41.3,PRIS,Map
CN,CHINA,FUQING-5,Fujian,Under Construction,1087,2905,0,0,25.44583,119.44722,41.3,PRIS,Map
CN,CHINA,FUQING-6,Fujian,Under Construction,1087,2905,0,0,25.44583,119.44722,41.3,PRIS,Map
CN,CHINA,CHANGJIANG-1,Hainan,Operational,650,1930,0,0,19.46075,108.8999167,5.8,PRIS,Map
CN,CHINA,CHANGJIANG-2,Hainan,Under Construction,650,1930,0,0,19.46075,108.8999167,5.8,PRIS,Map
CN,CHINA,FANGCHENGGANG-1,Guangxi,Operational,1080,2905,0,0,21.667,108.567,-17.9,PRIS,Map
CN,CHINA,FANGCHENGGANG-2,Guangxi,Under Construction,1080,2905,0,0,21.667,108.567,-17.9,PRIS,Map
CN,CHINA,FANGCHENGGANG-3,Guangxi,Under Construction,1150,3150,0,0,21.667,108.567,-17.9,PRIS,Map
CN,CHINA,SHIDAO BAY-1,Shandong,Under Construction,211,500,0,0,36.967,122.5,34.4,PRIS,Map
CH,SWITZERLAND,LUCENS,Broye-Vully District,Permanent Shutdown,7,28,0,0,46.69278,6.8275,663.4,PRIS,Map
RU,RUSSIA,BALTIC-1,"Nemanskiy r-n, Kaliningradskaya oblast",Under Construction,1194,3200,0,0,54.93889,22.16111,54.7,PRIS,Map
CN,CHINA,TIANWAN-3,Jiangsu,Under Construction,1060,3000,0,0,34.68694,119.45972,91.3,PRIS,Map
CN,CHINA,TIANWAN-4,Jiangsu,Under Construction,1060,3000,0,0,34.68694,119.45972,91.3,PRIS,Map
CN,CHINA,TIANWAN-5,Jiangsu,Under Construction,1118,2905,0,0,34.68694,119.45972,91.3,PRIS,Map
IN,INDIA,KAKRAPAR-3,"Surat, Maharashtra",Under Construction,700,2166,0,0,21.23861,73.35,-13.4,PRIS,Map
IN,INDIA,KAKRAPAR-4,"Surat, Maharashtra",Under Construction,700,2166,0,0,21.23861,73.35,-13.4,PRIS,Map
CN,CHINA,HONGYANHE-5,Liaoning,Under Construction,1080,2905,0,0,39.79583,121.48056,15.6,PRIS,Map
CN,CHINA,HONGYANHE-6,Liaoning,Under Construction,1080,2905,0,0,39.79583,121.48056,15.6,PRIS,Map
US,UNITED STATES,SUMMER-2,"Fairfield County, SC",Under Construction,1250,3400,0,0,34.29861,-81.31472,77.3,PRIS,Map
US,UNITED STATES,SUMMER-3,"Fairfield County, SC",Under Construction,1250,3400,0,0,34.29861,-81.31472,77.3,PRIS,Map
US,UNITED STATES,VOGTLE-3,"Burke County, GA",Under Construction,1250,3400,0,0,33.14333,-81.76056,16.8,PRIS,Map
US,UNITED STATES,VOGTLE-4,"Burke County, GA",Under Construction,1250,3400,0,0,33.14333,-81.76056,16.8,PRIS,Map
PK,PAKISTAN,CHASNUPP-3,Piplan Tehsil,Under Construction,340,999,0,0,32.39028,71.4625,157.2,PRIS,Map
PK,PAKISTAN,CHASNUPP-4,Piplan Tehsil,Under Construction,340,999,0,0,32.39028,71.4625,157.2,PRIS,Map
CN,CHINA,CEFR,Beijing,Operational,25,65,0,0,39.74083,116.03028,52.2,PRIS,Map
AE,UNITED ARAB EMIRATES,BARAKAH-1,[],Under Construction,1400,3983,0,0,23.9677,52.2315,-31.1,PRIS,Map
AE,UNITED ARAB EMIRATES,BARAKAH-2,[],Under Construction,1400,3983,0,0,23.9677,52.2315,-31.1,PRIS,Map
AE,UNITED ARAB EMIRATES,BARAKAH-3,[],Under Construction,1400,3983,0,0,23.9677,52.2315,-31.1,PRIS,Map
AE,UNITED ARAB EMIRATES,BARAKAH-4,[],Under Construction,1400,3983,0,0,23.9677,52.2315,-31.1,PRIS,Map
AR,ARGENTINA,CAREM25,UNKNOWN LOCATION,Under Construction,29,100,0,0,0,0,-3474.8,PRIS,Map
BY,BELARUS,BELARUSIAN-1,Astravets District,Under Construction,1194,3200,0,0,54.76111,26.08917,195.3,PRIS,Map
BY,BELARUS,BELARUSIAN-2,Astravets District,Under Construction,1194,3200,0,0,54.76111,26.08917,195.3,PRIS,Map
